protocol,load,condition,model_seed,noise_repeat,weight_vibration,weight_current,accuracy,macro_precision,macro_recall,macro_f1,weight_branch1_within_sd,weight_branch2_within_sd
stage3,2Nm,baseline_0dB,20260806,1,0.4173835515975952,0.5826164484024048,1.0,1.0,1.0,1.0,0.02891557291150093,0.02891557291150093
stage3,2Nm,baseline_0dB,20260806,2,0.4173243045806885,0.5826756954193115,1.0,1.0,1.0,1.0,0.029121218249201775,0.029121218249201775
stage3,2Nm,baseline_0dB,20260806,3,0.41725313663482666,0.5827468037605286,1.0,1.0,1.0,1.0,0.029074102640151978,0.029074104502797127
stage3,2Nm,baseline_0dB,20260806,4,0.41729381680488586,0.5827061533927917,1.0,1.0,1.0,1.0,0.028827082365751266,0.028827082365751266
stage3,2Nm,baseline_0dB,20260806,5,0.4171608090400696,0.5828392505645752,1.0,1.0,1.0,1.0,0.0289929062128067,0.0289929062128067
stage3,2Nm,vibration_missing,20260806,1,0.4458307921886444,0.5541691780090332,0.2,0.04,0.2,0.06666666666666668,0.0009900652803480625,0.0009900667937472463
stage3,2Nm,current_missing,20260806,1,0.48027098178863525,0.5197290182113647,1.0,1.0,1.0,1.0,0.029409801587462425,0.029409799724817276
stage3,2Nm,vibration_severe,20260806,1,0.37876972556114197,0.6212303638458252,0.698,0.8022657270556699,0.698,0.6554057772864177,0.01682858355343342,0.016828585416078568
stage3,2Nm,vibration_severe,20260806,2,0.37859418988227844,0.621405839920044,0.69,0.7928522437609031,0.6900000000000001,0.6489220698915624,0.01656971126794815,0.01656971126794815
stage3,2Nm,vibration_severe,20260806,3,0.3784239590167999,0.6215760707855225,0.6975,0.7965122549837831,0.6975,0.6511505570209152,0.016616102308034897,0.016616102308034897
stage3,2Nm,vibration_severe,20260806,4,0.37827742099761963,0.6217225193977356,0.6905,0.7960163924824596,0.6904999999999999,0.6470359016185713,0.01621229574084282,0.01621229387819767
stage3,2Nm,vibration_severe,20260806,5,0.37846165895462036,0.6215383410453796,0.6895,0.7958465156095411,0.6895,0.6483656731216212,0.016741512343287468,0.016741512343287468
stage3,2Nm,current_severe,20260806,1,0.3656938970088959,0.634306013584137,1.0,1.0,1.0,1.0,0.02364412695169449,0.02364412695169449
stage3,2Nm,current_severe,20260806,2,0.3656710386276245,0.6343289613723755,1.0,1.0,1.0,1.0,0.023645637556910515,0.023645635694265366
stage3,2Nm,current_severe,20260806,3,0.3656691908836365,0.6343308091163635,1.0,1.0,1.0,1.0,0.02363930642604828,0.023639308288693428
stage3,2Nm,current_severe,20260806,4,0.36568909883499146,0.6343109011650085,1.0,1.0,1.0,1.0,0.02357417345046997,0.02357417345046997
stage3,2Nm,current_severe,20260806,5,0.3656226098537445,0.6343773007392883,1.0,1.0,1.0,1.0,0.023618502542376518,0.023618504405021667
stage3,2Nm,both_severe,20260806,1,0.3333132863044739,0.6666867136955261,0.882,0.8914871615897064,0.882,0.8815651883525341,0.01403488777577877,0.01403488777577877
stage3,2Nm,both_severe,20260806,2,0.3331677317619324,0.6668322682380676,0.8695,0.880949070426805,0.8695,0.869267370657591,0.013631700538098812,0.013631700538098812
stage3,2Nm,both_severe,20260806,3,0.33311259746551514,0.6668874025344849,0.879,0.8878888746869148,0.8789999999999999,0.8782071675542558,0.01375643815845251,0.01375643815845251
stage3,2Nm,both_severe,20260806,4,0.33297210931777954,0.6670278906822205,0.879,0.8890577047597118,0.8790000000000001,0.877975455722377,0.01361196581274271,0.01361196581274271
stage3,2Nm,both_severe,20260806,5,0.3330847918987274,0.6669151782989502,0.8835,0.892632957663742,0.8835000000000001,0.8830025151819749,0.013831372372806072,0.013831373304128647
stage3,4Nm,baseline_0dB,20260806,1,0.41598013043403625,0.5840198993682861,1.0,1.0,1.0,1.0,0.030155159533023834,0.030155159533023834
stage3,4Nm,baseline_0dB,20260806,2,0.4161739945411682,0.5838260054588318,1.0,1.0,1.0,1.0,0.030212756246328354,0.030212758108973503
stage3,4Nm,baseline_0dB,20260806,3,0.41600799560546875,0.5839920043945312,1.0,1.0,1.0,1.0,0.03012917749583721,0.03012917935848236
stage3,4Nm,baseline_0dB,20260806,4,0.4159562885761261,0.5840436816215515,1.0,1.0,1.0,1.0,0.030273623764514923,0.030273621901869774
stage3,4Nm,baseline_0dB,20260806,5,0.41606512665748596,0.5839348435401917,1.0,1.0,1.0,1.0,0.030171794816851616,0.030171794816851616
stage3,4Nm,vibration_missing,20260806,1,0.44546905159950256,0.5545308589935303,0.2,0.04,0.2,0.06666666666666668,0.0009766081348061562,0.000976608251221478
stage3,4Nm,current_missing,20260806,1,0.47925472259521484,0.5207452774047852,1.0,1.0,1.0,1.0,0.029058076441287994,0.029058076441287994
stage3,4Nm,vibration_severe,20260806,1,0.3777778744697571,0.6222221851348877,0.63,0.7628348800756264,0.6300000000000001,0.5859787890709004,0.016629047691822052,0.016629045829176903
stage3,4Nm,vibration_severe,20260806,2,0.3783263564109802,0.6216737031936646,0.649,0.7714072121250654,0.6489999999999999,0.6063113769459629,0.017057955265045166,0.017057953402400017
stage3,4Nm,vibration_severe,20260806,3,0.37765607237815857,0.6223439574241638,0.658,0.7786924446662442,0.658,0.6110155554366578,0.016837775707244873,0.016837775707244873
stage3,4Nm,vibration_severe,20260806,4,0.37782129645347595,0.6221787333488464,0.646,0.77361025276634,0.6460000000000001,0.6011916548656608,0.016964733600616455,0.016964731737971306
stage3,4Nm,vibration_severe,20260806,5,0.3777225911617279,0.6222774386405945,0.6505,0.7749363962247564,0.6505000000000001,0.605206067411584,0.016698209568858147,0.016698209568858147
stage3,4Nm,current_severe,20260806,1,0.36449816823005676,0.6355018019676208,1.0,1.0,1.0,1.0,0.02373276650905609,0.023732764646410942
stage3,4Nm,current_severe,20260806,2,0.3646441698074341,0.6353558301925659,1.0,1.0,1.0,1.0,0.023780595511198044,0.023780595511198044
stage3,4Nm,current_severe,20260806,3,0.36449337005615234,0.6355065703392029,0.9995,0.9995012468827931,0.9995,0.9994999992187488,0.02375318855047226,0.02375319041311741
stage3,4Nm,current_severe,20260806,4,0.3644901514053345,0.6355099081993103,1.0,1.0,1.0,1.0,0.02384698949754238,0.02384698949754238
stage3,4Nm,current_severe,20260806,5,0.36453333497047424,0.6354666948318481,0.999,0.999002493765586,0.999,0.9989999984374975,0.02374141849577427,0.023741422221064568
stage3,4Nm,both_severe,20260806,1,0.3326619267463684,0.6673380732536316,0.8275,0.8416516378595034,0.8274999999999999,0.8273637919132686,0.013940864242613316,0.01394086517393589
stage3,4Nm,both_severe,20260806,2,0.33296576142311096,0.6670342683792114,0.8345,0.8499999776701479,0.8345,0.8347825854918026,0.013927203603088856,0.013927203603088856
stage3,4Nm,both_severe,20260806,3,0.3324030637741089,0.6675969362258911,0.824,0.8425360105367625,0.8240000000000001,0.8215959175142249,0.013670415617525578,0.013670414686203003
stage3,4Nm,both_severe,20260806,4,0.33259591460227966,0.667404055595398,0.8205,0.8429000087245345,0.8205,0.8188562759943885,0.013746542856097221,0.013746541924774647
stage3,4Nm,both_severe,20260806,5,0.3324993848800659,0.6675006747245789,0.831,0.846450596587494,0.8309999999999998,0.8305417424818964,0.013718999922275543,0.013718999922275543
stage3,2Nm,baseline_0dB,20260807,1,0.5467098355293274,0.45329010486602783,1.0,1.0,1.0,1.0,0.13000674545764923,0.13000674545764923
stage3,2Nm,baseline_0dB,20260807,2,0.5463747382164001,0.45362523198127747,1.0,1.0,1.0,1.0,0.12982739508152008,0.12982739508152008
stage3,2Nm,baseline_0dB,20260807,3,0.546326756477356,0.45367324352264404,1.0,1.0,1.0,1.0,0.129810631275177,0.129810631275177
stage3,2Nm,baseline_0dB,20260807,4,0.5463302135467529,0.4536697566509247,1.0,1.0,1.0,1.0,0.12972086668014526,0.12972086668014526
stage3,2Nm,baseline_0dB,20260807,5,0.5465882420539856,0.45341166853904724,1.0,1.0,1.0,1.0,0.1299438625574112,0.1299438625574112
stage3,2Nm,vibration_missing,20260807,1,0.6363918781280518,0.36360815167427063,0.2,0.04,0.2,0.06666666666666668,8.519597031408921e-05,8.519643597537652e-05
stage3,2Nm,current_missing,20260807,1,0.5884037017822266,0.4115963578224182,1.0,1.0,1.0,1.0,0.13585378229618073,0.13585378229618073
stage3,2Nm,vibration_severe,20260807,1,0.5445322394371033,0.45546776056289673,0.5435,0.614529534053419,0.5435000000000001,0.4922357511948315,0.06965205818414688,0.06965205818414688
stage3,2Nm,vibration_severe,20260807,2,0.5422553420066833,0.45774462819099426,0.546,0.6294709851777893,0.546,0.49721509056268187,0.06825216859579086,0.06825216859579086
stage3,2Nm,vibration_severe,20260807,3,0.5435107946395874,0.4564892053604126,0.5395,0.6138929442871075,0.5395000000000001,0.48671148506970996,0.0690884217619896,0.0690884217619896
stage3,2Nm,vibration_severe,20260807,4,0.5439974069595337,0.45600253343582153,0.523,0.6014608311834879,0.5229999999999999,0.463546236692783,0.07008834183216095,0.07008834183216095
stage3,2Nm,vibration_severe,20260807,5,0.5433090925216675,0.4566909074783325,0.527,0.6114254546949391,0.527,0.4696993563256866,0.0678652673959732,0.06786525994539261
stage3,2Nm,current_severe,20260807,1,0.5111677050590515,0.4888322651386261,0.995,0.9951219512195122,0.9949999999999999,0.9949992186279106,0.12622562050819397,0.12622562050819397
stage3,2Nm,current_severe,20260807,2,0.510589063167572,0.48941096663475037,0.9915,0.9918465227817747,0.9914999999999999,0.991496159984743,0.1258738785982132,0.1258738785982132
stage3,2Nm,current_severe,20260807,3,0.5105379819869995,0.4894620478153229,0.9905,0.9909307875894988,0.9905000000000002,0.9904946383819624,0.1259080171585083,0.1259080171585083
stage3,2Nm,current_severe,20260807,4,0.5104503035545349,0.48954975605010986,0.99,0.9904761904761905,0.99,0.9899937460913071,0.12581080198287964,0.12581080198287964
stage3,2Nm,current_severe,20260807,5,0.5108510851860046,0.48914891481399536,0.991,0.9913875598086124,0.991,0.9909954414422302,0.12608544528484344,0.12608544528484344
stage3,2Nm,both_severe,20260807,1,0.5027774572372437,0.49722254276275635,0.547,0.6241908566246925,0.5469999999999999,0.4803339155273516,0.07564268261194229,0.07564268261194229
stage3,2Nm,both_severe,20260807,2,0.500586748123169,0.49941325187683105,0.558,0.6322021592509701,0.5579999999999999,0.497151724799988,0.07385430485010147,0.07385430485010147
stage3,2Nm,both_severe,20260807,3,0.5017818808555603,0.4982181489467621,0.565,0.6449633873813336,0.5650000000000001,0.5090311393671434,0.07488704472780228,0.07488704472780228
stage3,2Nm,both_severe,20260807,4,0.5020170211791992,0.4979829788208008,0.544,0.6223528671935166,0.544,0.4792178104428242,0.07578789442777634,0.07578789442777634
stage3,2Nm,both_severe,20260807,5,0.501262903213501,0.4987371563911438,0.5365,0.6190006904133479,0.5365,0.4682327061504098,0.07361385226249695,0.07361385226249695
stage3,4Nm,baseline_0dB,20260807,1,0.5491634607315063,0.45083653926849365,0.94,0.9538461538461538,0.9400000000000001,0.9386189258312021,0.12678304314613342,0.12678304314613342
stage3,4Nm,baseline_0dB,20260807,2,0.5491702556610107,0.45082980394363403,0.9355,0.9512287334593573,0.9355,0.9337781278524894,0.1269150674343109,0.1269150674343109
stage3,4Nm,baseline_0dB,20260807,3,0.5491350293159485,0.4508650302886963,0.934,0.9503759398496241,0.9339999999999999,0.932152861658657,0.12662798166275024,0.12662798166275024
stage3,4Nm,baseline_0dB,20260807,4,0.548865795135498,0.45113420486450195,0.936,0.9515151515151515,0.9359999999999999,0.93431855500821,0.1269245743751526,0.1269245743751526
stage3,4Nm,baseline_0dB,20260807,5,0.549273669719696,0.45072633028030396,0.939,0.9532567049808429,0.9390000000000001,0.9375475911670794,0.12686055898666382,0.12686055898666382
stage3,4Nm,vibration_missing,20260807,1,0.6362093687057495,0.36379072070121765,0.2,0.04,0.2,0.06666666666666668,8.573922968935221e-05,8.573925151722506e-05
stage3,4Nm,current_missing,20260807,1,0.58930504322052,0.41069498658180237,0.812,0.9030927835051547,0.812,0.7586959312026698,0.13383588194847107,0.13383588194847107
stage3,4Nm,vibration_severe,20260807,1,0.5472252368927002,0.4527748227119446,0.517,0.5852953677319677,0.5170000000000001,0.4562149002398036,0.06971318274736404,0.06971318274736404
stage3,4Nm,vibration_severe,20260807,2,0.5475041270256042,0.452495813369751,0.5165,0.5850497812097878,0.5165,0.4580190116558153,0.0704873651266098,0.0704873651266098
stage3,4Nm,vibration_severe,20260807,3,0.5476876497268677,0.45231232047080994,0.513,0.5930513245156426,0.5130000000000001,0.45625802119061687,0.06853679567575455,0.06853679567575455
stage3,4Nm,vibration_severe,20260807,4,0.5466901063919067,0.4533098638057709,0.515,0.5908142619791243,0.515,0.4590860988660931,0.07107763737440109,0.07107763737440109
stage3,4Nm,vibration_severe,20260807,5,0.5483279824256897,0.4516719877719879,0.5155,0.5829410900925625,0.5155000000000001,0.45241128928658475,0.06849165260791779,0.06849165260791779
stage3,4Nm,current_severe,20260807,1,0.5143046975135803,0.48569533228874207,0.814,0.9036269430051813,0.8140000000000001,0.7626869956301234,0.12351862341165543,0.12351862341165543
stage3,4Nm,current_severe,20260807,2,0.5145748257637024,0.4854251742362976,0.8135,0.9034928848641656,0.8135,0.7616951270886116,0.1236797645688057,0.1236797645688057
stage3,4Nm,current_severe,20260807,3,0.5145103931427002,0.4854896664619446,0.8155,0.9040312093628089,0.8155000000000001,0.765639420529177,0.12345687299966812,0.12345687299966812
stage3,4Nm,current_severe,20260807,4,0.5141274929046631,0.4858725070953369,0.8155,0.9040312093628089,0.8155000000000001,0.765639420529177,0.12368834763765335,0.12368834763765335
stage3,4Nm,current_severe,20260807,5,0.5146292448043823,0.4853707253932953,0.813,0.903359173126615,0.813,0.7606993465620526,0.12363644689321518,0.12363644689321518
stage3,4Nm,both_severe,20260807,1,0.5060213208198547,0.49397870898246765,0.5295,0.6016624827273677,0.5295,0.4555977621627278,0.0755380317568779,0.0755380317568779
stage3,4Nm,both_severe,20260807,2,0.5068254470825195,0.49317455291748047,0.533,0.5998964622758087,0.533,0.46266629360100114,0.07593660056591034,0.07593660056591034
stage3,4Nm,both_severe,20260807,3,0.5066632032394409,0.4933367967605591,0.5245,0.5970446711797167,0.5245,0.45149903199454106,0.07427947968244553,0.07427947968244553
stage3,4Nm,both_severe,20260807,4,0.5058109164237976,0.4941890835762024,0.535,0.5961002496894009,0.535,0.4683862085099766,0.07642587274312973,0.07642586529254913
stage3,4Nm,both_severe,20260807,5,0.5075945854187012,0.4924054443836212,0.528,0.5795400088843781,0.528,0.45335311625840713,0.07428465038537979,0.07428465038537979
stage3,2Nm,baseline_0dB,20260808,1,0.6803807616233826,0.3196192979812622,1.0,1.0,1.0,1.0,0.04187816008925438,0.04187816008925438
stage3,2Nm,baseline_0dB,20260808,2,0.6807417273521423,0.31925827264785767,0.9995,0.9995012468827931,0.9995,0.9994999992187488,0.04166056960821152,0.04166056960821152
stage3,2Nm,baseline_0dB,20260808,3,0.680717945098877,0.31928205490112305,1.0,1.0,1.0,1.0,0.04154272377490997,0.04154272377490997
stage3,2Nm,baseline_0dB,20260808,4,0.6805561780929565,0.31944388151168823,1.0,1.0,1.0,1.0,0.04179677739739418,0.04179677739739418
stage3,2Nm,baseline_0dB,20260808,5,0.6807922124862671,0.3192077577114105,1.0,1.0,1.0,1.0,0.04157119616866112,0.04157119616866112
stage3,2Nm,vibration_missing,20260808,1,0.6468508243560791,0.3531492352485657,0.2,0.04,0.2,0.06666666666666668,0.00018496386473998427,0.0001849651162046939
stage3,2Nm,current_missing,20260808,1,0.7000331878662109,0.2999667227268219,1.0,1.0,1.0,1.0,0.04136960953474045,0.04136960953474045
stage3,2Nm,vibration_severe,20260808,1,0.6174594163894653,0.38254058361053467,0.695,0.8173349279174055,0.6950000000000001,0.6733246124198445,0.02908017486333847,0.02908017486333847
stage3,2Nm,vibration_severe,20260808,2,0.6173768639564514,0.3826231062412262,0.699,0.8236802079838149,0.699,0.6715772803206488,0.02908710576593876,0.02908710576593876
stage3,2Nm,vibration_severe,20260808,3,0.6169675588607788,0.3830324709415436,0.7,0.8265745155429748,0.7,0.6720257368469611,0.029218563809990883,0.029218563809990883
stage3,2Nm,vibration_severe,20260808,4,0.6175428628921509,0.3824572265148163,0.6905,0.8061044798841577,0.6904999999999999,0.6621372896633068,0.028968654572963715,0.028968654572963715
stage3,2Nm,vibration_severe,20260808,5,0.6172734498977661,0.38272660970687866,0.688,0.8124396493047323,0.688,0.6621900440531064,0.029393745586276054,0.029393747448921204
stage3,2Nm,current_severe,20260808,1,0.6652886867523193,0.3347112536430359,0.9985,0.9985111662531019,0.9984999999999999,0.9984999789059532,0.04236476495862007,0.04236476495862007
stage3,2Nm,current_severe,20260808,2,0.6656503677368164,0.33434954285621643,0.999,0.9990012468827931,0.999,0.9989999992187488,0.04215522110462189,0.04215522110462189
stage3,2Nm,current_severe,20260808,3,0.6656382083892822,0.33436182141304016,0.999,0.9990049751243781,0.999,0.998999993749961,0.04199637100100517,0.04199637100100517
stage3,2Nm,current_severe,20260808,4,0.6654946208000183,0.3345053791999817,0.9995,0.9995012468827931,0.9995,0.9994999992187488,0.04222124069929123,0.04222123697400093
stage3,2Nm,current_severe,20260808,5,0.6656927466392517,0.3343072533607483,0.9995,0.9995012468827931,0.9995,0.9994999992187488,0.04208701103925705,0.04208701103925705
stage3,2Nm,both_severe,20260808,1,0.6031955480575562,0.3968045115470886,0.7865,0.8331226825230968,0.7865,0.785933336658603,0.029196441173553467,0.029196441173553467
stage3,2Nm,both_severe,20260808,2,0.603022575378418,0.39697742462158203,0.7845,0.8396488833274498,0.7845,0.7860903979725352,0.02939382754266262,0.02939382754266262
stage3,2Nm,both_severe,20260808,3,0.6027016639709473,0.39729833602905273,0.7805,0.8342123598456255,0.7805,0.7823750336455664,0.029383985325694084,0.029383985325694084
stage3,2Nm,both_severe,20260808,4,0.6034085750579834,0.396591454744339,0.781,0.8310147567692198,0.781,0.7817929357357011,0.02916855178773403,0.02916855178773403
stage3,2Nm,both_severe,20260808,5,0.6029049158096313,0.3970951437950134,0.781,0.833658395819438,0.781,0.7817510468464073,0.029673881828784943,0.029673881828784943
stage3,4Nm,baseline_0dB,20260808,1,0.6832939386367798,0.3167060613632202,0.999,0.9990049751243781,0.999,0.998999993749961,0.04067181050777435,0.04067181050777435
stage3,4Nm,baseline_0dB,20260808,2,0.6833068132400513,0.31669318675994873,0.9995,0.9995012468827931,0.9995,0.9994999992187488,0.040595270693302155,0.040595270693302155
stage3,4Nm,baseline_0dB,20260808,3,0.68329918384552,0.3167007267475128,0.9985,0.9985111662531019,0.9984999999999999,0.9984999789059532,0.04069192335009575,0.04069192335009575
stage3,4Nm,baseline_0dB,20260808,4,0.6835159063339233,0.3164840638637543,0.999,0.9990049751243781,0.999,0.998999993749961,0.040565527975559235,0.040565527975559235
stage3,4Nm,baseline_0dB,20260808,5,0.6835439205169678,0.31645604968070984,0.999,0.9990049751243781,0.999,0.998999993749961,0.04051883518695831,0.040518831461668015
stage3,4Nm,vibration_missing,20260808,1,0.6468109488487244,0.35318902134895325,0.2,0.04,0.2,0.06666666666666668,0.0001809783570934087,0.00018097810971084982
stage3,4Nm,current_missing,20260808,1,0.7028588652610779,0.29714104533195496,0.8035,0.9008827238335435,0.8035,0.7409952816490957,0.04079272970557213,0.04079272970557213
stage3,4Nm,vibration_severe,20260808,1,0.6188554763793945,0.38114452362060547,0.6775,0.8065867271851932,0.6775,0.648714050315735,0.028099408373236656,0.028099410235881805
stage3,4Nm,vibration_severe,20260808,2,0.6178663969039917,0.3821336030960083,0.668,0.7994574057693253,0.6679999999999999,0.6375670406929014,0.027192916721105576,0.027192914858460426
stage3,4Nm,vibration_severe,20260808,3,0.6182056665420532,0.3817943334579468,0.668,0.8008452099145315,0.6679999999999999,0.641458305808794,0.028284259140491486,0.028284261003136635
stage3,4Nm,vibration_severe,20260808,4,0.6185051202774048,0.3814949095249176,0.6805,0.8053531515470873,0.6805000000000001,0.650582607919779,0.027995524927973747,0.02799552120268345
stage3,4Nm,vibration_severe,20260808,5,0.6187053918838501,0.3812946081161499,0.672,0.8061555061833421,0.672,0.639912545381047,0.02834613248705864,0.02834613248705864
stage3,4Nm,current_severe,20260808,1,0.668168842792511,0.3318311870098114,0.904,0.9351351351351351,0.9039999999999999,0.8981324278438031,0.04119190201163292,0.04119190201163292
stage3,4Nm,current_severe,20260808,2,0.6682142019271851,0.33178582787513733,0.9095,0.9363755353671476,0.9095000000000001,0.9048248814067856,0.0410904623568058,0.0410904623568058
stage3,4Nm,current_severe,20260808,3,0.6681884527206421,0.33181148767471313,0.91,0.9372683564393409,0.9099999999999999,0.9053039471484959,0.04120810702443123,0.04120811074972153
stage3,4Nm,current_severe,20260808,4,0.6684153079986572,0.3315846621990204,0.907,0.9365187713310581,0.907,0.9016854860555925,0.04105692356824875,0.04105692356824875
stage3,4Nm,current_severe,20260808,5,0.6684168577194214,0.3315831422805786,0.9105,0.9375114435117228,0.9105000000000001,0.9058849846827997,0.041044484823942184,0.041044484823942184
stage3,4Nm,both_severe,20260808,1,0.6042104363441467,0.39578956365585327,0.7625,0.8100616644545824,0.7625,0.7636608250700455,0.02826862968504429,0.02826862968504429
stage3,4Nm,both_severe,20260808,2,0.6033554673194885,0.39664456248283386,0.7495,0.8030910085501969,0.7495,0.7507320314721186,0.027316037565469742,0.02731603942811489
stage3,4Nm,both_severe,20260808,3,0.603678822517395,0.396321177482605,0.7435,0.7933494583323142,0.7435,0.7449339812305621,0.02829953283071518,0.02829953283071518
stage3,4Nm,both_severe,20260808,4,0.6038695573806763,0.39613044261932373,0.762,0.8129871375533897,0.7620000000000001,0.763543501625495,0.028052452951669693,0.028052454814314842
stage3,4Nm,both_severe,20260808,5,0.604257345199585,0.3957427442073822,0.766,0.8105489592388594,0.766,0.7674534697094509,0.02845771051943302,0.02845771051943302
