protocol,load,scenario,snr_db,model_seed,noise_repeat,weight_vibration,weight_current,accuracy,macro_precision,macro_recall,macro_f1,weight_branch1_within_sd,weight_branch2_within_sd
stage3,2Nm,both_modalities_degraded,0.0,20260806,1,0.4173835515975952,0.5826164484024048,1.0,1.0,1.0,1.0,0.02891557291150093,0.02891557291150093
stage3,2Nm,both_modalities_degraded,0.0,20260806,2,0.41733989119529724,0.5826600790023804,1.0,1.0,1.0,1.0,0.028982168063521385,0.028982168063521385
stage3,2Nm,both_modalities_degraded,0.0,20260806,3,0.4173243045806885,0.5826756954193115,1.0,1.0,1.0,1.0,0.029121218249201775,0.029121218249201775
stage3,2Nm,both_modalities_degraded,0.0,20260806,4,0.4173129200935364,0.5826870203018188,1.0,1.0,1.0,1.0,0.02903616428375244,0.02903616428375244
stage3,2Nm,both_modalities_degraded,0.0,20260806,5,0.41725313663482666,0.5827468037605286,1.0,1.0,1.0,1.0,0.029074102640151978,0.029074104502797127
stage3,2Nm,both_modalities_degraded,-2.0,20260806,1,0.3993456959724426,0.6006543040275574,1.0,1.0,1.0,1.0,0.02640777826309204,0.026407776400446892
stage3,2Nm,both_modalities_degraded,-2.0,20260806,2,0.39933905005455017,0.6006608605384827,1.0,1.0,1.0,1.0,0.02661585621535778,0.02661585621535778
stage3,2Nm,both_modalities_degraded,-2.0,20260806,3,0.39941906929016113,0.6005809307098389,1.0,1.0,1.0,1.0,0.026560351252555847,0.026560351252555847
stage3,2Nm,both_modalities_degraded,-2.0,20260806,4,0.39939063787460327,0.6006093621253967,1.0,1.0,1.0,1.0,0.026435263454914093,0.026435263454914093
stage3,2Nm,both_modalities_degraded,-2.0,20260806,5,0.39936044812202454,0.6006395816802979,1.0,1.0,1.0,1.0,0.026506543159484863,0.026506543159484863
stage3,2Nm,both_modalities_degraded,-4.0,20260806,1,0.381226509809494,0.6187735795974731,0.9995,0.9995012468827931,0.9995,0.9994999992187488,0.024042261764407158,0.024042263627052307
stage3,2Nm,both_modalities_degraded,-4.0,20260806,2,0.3813113868236542,0.6186885833740234,0.9995,0.9995012468827931,0.9995,0.9994999992187488,0.024144340306520462,0.024144340306520462
stage3,2Nm,both_modalities_degraded,-4.0,20260806,3,0.38122379779815674,0.618776261806488,0.9985,0.9985111662531019,0.9984999999999999,0.9984999789059532,0.02408909611403942,0.02408909611403942
stage3,2Nm,both_modalities_degraded,-4.0,20260806,4,0.38143450021743774,0.6185654401779175,0.9995,0.9995012468827931,0.9995,0.9994999992187488,0.024014582857489586,0.024014582857489586
stage3,2Nm,both_modalities_degraded,-4.0,20260806,5,0.38121190667152405,0.6187880635261536,0.9995,0.9995012468827931,0.9995,0.9994999992187488,0.024047939106822014,0.024047939106822014
stage3,2Nm,both_modalities_degraded,-6.0,20260806,1,0.3652707040309906,0.6347293853759766,0.9935,0.9937046004842613,0.9935,0.9934982831403918,0.02200346440076828,0.02200346440076828
stage3,2Nm,both_modalities_degraded,-6.0,20260806,2,0.36538541316986084,0.6346145868301392,0.9925,0.9927710843373493,0.9925,0.9924973623539526,0.022065775468945503,0.022065773606300354
stage3,2Nm,both_modalities_degraded,-6.0,20260806,3,0.3653714060783386,0.6346286535263062,0.9925,0.9927710843373493,0.9925,0.9924973623539526,0.02190561220049858,0.02190561033785343
stage3,2Nm,both_modalities_degraded,-6.0,20260806,4,0.3653539717197418,0.6346459984779358,0.9905,0.9909307875894988,0.9904999999999999,0.9905063019064217,0.021947622299194336,0.021947622299194336
stage3,2Nm,both_modalities_degraded,-6.0,20260806,5,0.3652874529361725,0.6347125172615051,0.993,0.9932367149758454,0.993,0.9929978555932755,0.021987054497003555,0.021987054497003555
stage3,2Nm,both_modalities_degraded,-8.0,20260806,1,0.35241755843162537,0.6475824117660522,0.981,0.9823242694192491,0.9810000000000001,0.9809440159703039,0.019642101600766182,0.019642099738121033
stage3,2Nm,both_modalities_degraded,-8.0,20260806,2,0.3523123264312744,0.6476876139640808,0.9815,0.9828601007715321,0.9814999999999999,0.9814435638526868,0.019833587110042572,0.019833587110042572
stage3,2Nm,both_modalities_degraded,-8.0,20260806,3,0.3524949848651886,0.647504985332489,0.9825,0.983831797235023,0.9824999999999999,0.9824692381864744,0.0196007639169693,0.01960076577961445
stage3,2Nm,both_modalities_degraded,-8.0,20260806,4,0.35227298736572266,0.6477270722389221,0.983,0.9841260154410367,0.983,0.9829366442403664,0.019687755033373833,0.019687755033373833
stage3,2Nm,both_modalities_degraded,-8.0,20260806,5,0.35260480642318726,0.6473952531814575,0.9805,0.9822323462414578,0.9804999999999999,0.9804791519448519,0.0199713334441185,0.0199713334441185
stage3,2Nm,both_modalities_degraded,-10.0,20260806,1,0.3417195677757263,0.6582804322242737,0.9575,0.9600287511462497,0.9574999999999999,0.9571714052051477,0.016896476969122887,0.016896478831768036
stage3,2Nm,both_modalities_degraded,-10.0,20260806,2,0.3417263627052307,0.6582736372947693,0.9575,0.9622311827956989,0.9574999999999999,0.9572384897446037,0.017041096463799477,0.017041096463799477
stage3,2Nm,both_modalities_degraded,-10.0,20260806,3,0.3415274918079376,0.6584725379943848,0.9585,0.9613215672289979,0.9585000000000001,0.9582550200124288,0.016718760132789612,0.016718760132789612
stage3,2Nm,both_modalities_degraded,-10.0,20260806,4,0.34169304370880127,0.658306896686554,0.957,0.9604034474822345,0.9570000000000001,0.9567918551130232,0.01716610975563526,0.017166107892990112
stage3,2Nm,both_modalities_degraded,-10.0,20260806,5,0.34143754839897156,0.6585624814033508,0.9635,0.9652866998526133,0.9635,0.9634195216519739,0.016849955543875694,0.016849955543875694
stage3,2Nm,vibration_only_degraded,0.0,20260806,1,0.4173835515975952,0.5826164484024048,1.0,1.0,1.0,1.0,0.02891557291150093,0.02891557291150093
stage3,2Nm,vibration_only_degraded,0.0,20260806,2,0.41733989119529724,0.5826600790023804,1.0,1.0,1.0,1.0,0.028982168063521385,0.028982168063521385
stage3,2Nm,vibration_only_degraded,0.0,20260806,3,0.4173243045806885,0.5826756954193115,1.0,1.0,1.0,1.0,0.029121218249201775,0.029121218249201775
stage3,2Nm,vibration_only_degraded,0.0,20260806,4,0.4173129200935364,0.5826870203018188,1.0,1.0,1.0,1.0,0.02903616428375244,0.02903616428375244
stage3,2Nm,vibration_only_degraded,0.0,20260806,5,0.41725313663482666,0.5827468037605286,1.0,1.0,1.0,1.0,0.029074102640151978,0.029074104502797127
stage3,2Nm,vibration_only_degraded,-2.0,20260806,1,0.41442543268203735,0.5855745673179626,1.0,1.0,1.0,1.0,0.028025155887007713,0.028025155887007713
stage3,2Nm,vibration_only_degraded,-2.0,20260806,2,0.4144248366355896,0.5855751633644104,1.0,1.0,1.0,1.0,0.028242630884051323,0.028242630884051323
stage3,2Nm,vibration_only_degraded,-2.0,20260806,3,0.4144963324069977,0.5855036377906799,1.0,1.0,1.0,1.0,0.028189780190587044,0.028189780190587044
stage3,2Nm,vibration_only_degraded,-2.0,20260806,4,0.41445425152778625,0.5855457782745361,1.0,1.0,1.0,1.0,0.02804679609835148,0.02804679609835148
stage3,2Nm,vibration_only_degraded,-2.0,20260806,5,0.4144304096698761,0.5855695605278015,1.0,1.0,1.0,1.0,0.02813115157186985,0.02813115157186985
stage3,2Nm,vibration_only_degraded,-4.0,20260806,1,0.4102664291858673,0.5897336602210999,0.9965,0.9965601965601966,0.9964999999999999,0.996499732010732,0.0268997885286808,0.0268997885286808
stage3,2Nm,vibration_only_degraded,-4.0,20260806,2,0.41036826372146606,0.5896317362785339,0.9975,0.9975308641975309,0.9974999999999999,0.9974999023399352,0.027101727202534676,0.027101727202534676
stage3,2Nm,vibration_only_degraded,-4.0,20260806,3,0.4102732837200165,0.5897266864776611,0.9975,0.9975308641975309,0.9974999999999999,0.9974999023399352,0.026975322514772415,0.026975322514772415
stage3,2Nm,vibration_only_degraded,-4.0,20260806,4,0.41048094630241394,0.5895190238952637,0.996,0.996078431372549,0.9960000000000001,0.995999599959996,0.026858020573854446,0.026858022436499596
stage3,2Nm,vibration_only_degraded,-4.0,20260806,5,0.41026490926742554,0.5897350907325745,0.9965,0.9965601965601966,0.9964999999999999,0.996499732010732,0.026925886049866676,0.026925886049866676
stage3,2Nm,vibration_only_degraded,-6.0,20260806,1,0.404535710811615,0.595464289188385,0.965,0.9702127659574469,0.9650000000000001,0.9647299637852307,0.025520967319607735,0.025520967319607735
stage3,2Nm,vibration_only_degraded,-6.0,20260806,2,0.404739111661911,0.5952608585357666,0.969,0.9731601731601731,0.969,0.968812681166255,0.025738047435879707,0.025738049298524857
stage3,2Nm,vibration_only_degraded,-6.0,20260806,3,0.40468674898147583,0.5953132510185242,0.9675,0.9720430107526882,0.9675,0.967284023435964,0.025539131835103035,0.025539133697748184
stage3,2Nm,vibration_only_degraded,-6.0,20260806,4,0.40470293164253235,0.5952969789505005,0.9635,0.9691331923890063,0.9635,0.9632455268933857,0.025645606219768524,0.025645606219768524
stage3,2Nm,vibration_only_degraded,-6.0,20260806,5,0.4045625627040863,0.5954375267028809,0.961,0.9673640167364017,0.961,0.9606256980420118,0.025650503113865852,0.025650504976511
stage3,2Nm,vibration_only_degraded,-8.0,20260806,1,0.3973635137081146,0.602636456489563,0.9,0.9323760526276228,0.9,0.8949219190926488,0.023458920419216156,0.023458922281861305
stage3,2Nm,vibration_only_degraded,-8.0,20260806,2,0.3972528576850891,0.6027471423149109,0.9095,0.9371641751091108,0.9094999999999999,0.9054213793649876,0.02369331382215023,0.02369331382215023
stage3,2Nm,vibration_only_degraded,-8.0,20260806,3,0.3973495662212372,0.6026504635810852,0.8965,0.9317957166392091,0.8965,0.8908314540987906,0.023395977914333344,0.023395979776978493
stage3,2Nm,vibration_only_degraded,-8.0,20260806,4,0.3971858620643616,0.6028141379356384,0.9065,0.9357420357420357,0.9065,0.9019450763242748,0.023426000028848648,0.023426000028848648
stage3,2Nm,vibration_only_degraded,-8.0,20260806,5,0.3975636065006256,0.6024364233016968,0.904,0.9351351351351351,0.9039999999999999,0.8990210416958331,0.02387159690260887,0.02387159690260887
stage3,2Nm,vibration_only_degraded,-10.0,20260806,1,0.38838887214660645,0.6116110682487488,0.817,0.8851461150648634,0.817,0.7939408834429912,0.02052365615963936,0.02052365615963936
stage3,2Nm,vibration_only_degraded,-10.0,20260806,2,0.38844969868659973,0.6115502715110779,0.822,0.889963752543731,0.8220000000000001,0.7973087941011561,0.02069791778922081,0.02069791778922081
stage3,2Nm,vibration_only_degraded,-10.0,20260806,3,0.3881443440914154,0.611855685710907,0.811,0.8832716631599313,0.8109999999999999,0.7814981250987109,0.020156415179371834,0.020156415179371834
stage3,2Nm,vibration_only_degraded,-10.0,20260806,4,0.3884637951850891,0.6115362644195557,0.8205,0.8906657301101925,0.8205,0.7992162935415037,0.02082979306578636,0.02082979306578636
stage3,2Nm,vibration_only_degraded,-10.0,20260806,5,0.38807836174964905,0.6119216084480286,0.8065,0.8830254011407422,0.8065,0.7799728979376692,0.02021007053554058,0.02021007053554058
stage3,2Nm,current_only_degraded,0.0,20260806,1,0.4173835515975952,0.5826164484024048,1.0,1.0,1.0,1.0,0.02891557291150093,0.02891557291150093
stage3,2Nm,current_only_degraded,0.0,20260806,2,0.41733989119529724,0.5826600790023804,1.0,1.0,1.0,1.0,0.028982168063521385,0.028982168063521385
stage3,2Nm,current_only_degraded,0.0,20260806,3,0.4173243045806885,0.5826756954193115,1.0,1.0,1.0,1.0,0.029121218249201775,0.029121218249201775
stage3,2Nm,current_only_degraded,0.0,20260806,4,0.4173129200935364,0.5826870203018188,1.0,1.0,1.0,1.0,0.02903616428375244,0.02903616428375244
stage3,2Nm,current_only_degraded,0.0,20260806,5,0.41725313663482666,0.5827468037605286,1.0,1.0,1.0,1.0,0.029074102640151978,0.029074104502797127
stage3,2Nm,current_only_degraded,-2.0,20260806,1,0.40205180644989014,0.5979481935501099,1.0,1.0,1.0,1.0,0.02724584937095642,0.02724584937095642
stage3,2Nm,current_only_degraded,-2.0,20260806,2,0.4020100235939026,0.5979899764060974,1.0,1.0,1.0,1.0,0.027432583272457123,0.027432583272457123
stage3,2Nm,current_only_degraded,-2.0,20260806,3,0.40210676193237305,0.597893238067627,1.0,1.0,1.0,1.0,0.02739204280078411,0.02739204280078411
stage3,2Nm,current_only_degraded,-2.0,20260806,4,0.4020713269710541,0.5979287028312683,1.0,1.0,1.0,1.0,0.027287732809782028,0.027287732809782028
stage3,2Nm,current_only_degraded,-2.0,20260806,5,0.4020477831363678,0.597952127456665,1.0,1.0,1.0,1.0,0.02732422761619091,0.02732422761619091
stage3,2Nm,current_only_degraded,-4.0,20260806,1,0.3873206675052643,0.6126793026924133,1.0,1.0,1.0,1.0,0.02571258880198002,0.02571258693933487
stage3,2Nm,current_only_degraded,-4.0,20260806,2,0.3873377740383148,0.6126622557640076,1.0,1.0,1.0,1.0,0.025818588212132454,0.025818590074777603
stage3,2Nm,current_only_degraded,-4.0,20260806,3,0.38730669021606445,0.6126933693885803,1.0,1.0,1.0,1.0,0.025720469653606415,0.025720471516251564
stage3,2Nm,current_only_degraded,-4.0,20260806,4,0.38743579387664795,0.612564206123352,1.0,1.0,1.0,1.0,0.02568451128900051,0.02568451315164566
stage3,2Nm,current_only_degraded,-4.0,20260806,5,0.3873283565044403,0.6126716136932373,1.0,1.0,1.0,1.0,0.025725219398736954,0.025725219398736954
stage3,2Nm,current_only_degraded,-6.0,20260806,1,0.37579816579818726,0.6242018342018127,1.0,1.0,1.0,1.0,0.024625033140182495,0.024625033140182495
stage3,2Nm,current_only_degraded,-6.0,20260806,2,0.37578144669532776,0.6242185831069946,1.0,1.0,1.0,1.0,0.024627823382616043,0.024627823382616043
stage3,2Nm,current_only_degraded,-6.0,20260806,3,0.37582314014434814,0.6241768598556519,1.0,1.0,1.0,1.0,0.0245936531573534,0.0245936531573534
stage3,2Nm,current_only_degraded,-6.0,20260806,4,0.37581688165664673,0.6241830587387085,1.0,1.0,1.0,1.0,0.02460198663175106,0.02460198663175106
stage3,2Nm,current_only_degraded,-6.0,20260806,5,0.3758034408092499,0.6241965889930725,1.0,1.0,1.0,1.0,0.024596134200692177,0.024596134200692177
stage3,2Nm,current_only_degraded,-8.0,20260806,1,0.36870962381362915,0.6312903165817261,1.0,1.0,1.0,1.0,0.023942705243825912,0.023942705243825912
stage3,2Nm,current_only_degraded,-8.0,20260806,2,0.36864838004112244,0.6313516497612,1.0,1.0,1.0,1.0,0.024020064622163773,0.024020062759518623
stage3,2Nm,current_only_degraded,-8.0,20260806,3,0.36874616146087646,0.6312537789344788,1.0,1.0,1.0,1.0,0.02394762821495533,0.02394762635231018
stage3,2Nm,current_only_degraded,-8.0,20260806,4,0.3686564266681671,0.6313435435295105,1.0,1.0,1.0,1.0,0.02395409718155861,0.023954099044203758
stage3,2Nm,current_only_degraded,-8.0,20260806,5,0.36874112486839294,0.6312589049339294,1.0,1.0,1.0,1.0,0.023946737870573997,0.023946737870573997
stage3,2Nm,current_only_degraded,-10.0,20260806,1,0.3655315041542053,0.6344684958457947,1.0,1.0,1.0,1.0,0.023634636774659157,0.023634634912014008
stage3,2Nm,current_only_degraded,-10.0,20260806,2,0.36550214886665344,0.6344979405403137,1.0,1.0,1.0,1.0,0.023645559325814247,0.023645561188459396
stage3,2Nm,current_only_degraded,-10.0,20260806,3,0.3655758202075958,0.6344242095947266,1.0,1.0,1.0,1.0,0.023697488009929657,0.023697488009929657
stage3,2Nm,current_only_degraded,-10.0,20260806,4,0.3654852509498596,0.6345147490501404,1.0,1.0,1.0,1.0,0.02370411343872547,0.023704111576080322
stage3,2Nm,current_only_degraded,-10.0,20260806,5,0.3654979169368744,0.6345020532608032,1.0,1.0,1.0,1.0,0.02366848662495613,0.023668484762310982
stage3,4Nm,both_modalities_degraded,0.0,20260806,1,0.41598013043403625,0.5840198993682861,1.0,1.0,1.0,1.0,0.030155159533023834,0.030155159533023834
stage3,4Nm,both_modalities_degraded,0.0,20260806,2,0.4160125255584717,0.5839875340461731,1.0,1.0,1.0,1.0,0.030205674469470978,0.030205674469470978
stage3,4Nm,both_modalities_degraded,0.0,20260806,3,0.4161739945411682,0.5838260054588318,1.0,1.0,1.0,1.0,0.030212756246328354,0.030212758108973503
stage3,4Nm,both_modalities_degraded,0.0,20260806,4,0.4159201681613922,0.5840798616409302,1.0,1.0,1.0,1.0,0.030231617391109467,0.030231617391109467
stage3,4Nm,both_modalities_degraded,0.0,20260806,5,0.41600799560546875,0.5839920043945312,1.0,1.0,1.0,1.0,0.03012917749583721,0.03012917935848236
stage3,4Nm,both_modalities_degraded,-2.0,20260806,1,0.39792388677597046,0.6020761728286743,1.0,1.0,1.0,1.0,0.02752845734357834,0.02752845734357834
stage3,4Nm,both_modalities_degraded,-2.0,20260806,2,0.3978123068809509,0.6021877527236938,0.9995,0.9995012468827931,0.9995,0.9994999992187488,0.027582326903939247,0.027582326903939247
stage3,4Nm,both_modalities_degraded,-2.0,20260806,3,0.3979286551475525,0.6020712852478027,0.9995,0.9995012468827931,0.9995,0.9994999992187488,0.027581708505749702,0.027581708505749702
stage3,4Nm,both_modalities_degraded,-2.0,20260806,4,0.39781349897384644,0.6021865010261536,0.999,0.9990049751243781,0.999,0.998999993749961,0.027485445141792297,0.027485443279147148
stage3,4Nm,both_modalities_degraded,-2.0,20260806,5,0.3979329466819763,0.6020669937133789,0.999,0.9990049751243781,0.999,0.998999993749961,0.027576031163334846,0.027576031163334846
stage3,4Nm,both_modalities_degraded,-4.0,20260806,1,0.3798007667064667,0.6201992034912109,0.9915,0.9918465227817747,0.9914999999999999,0.991496159984743,0.02506791427731514,0.02506791241466999
stage3,4Nm,both_modalities_degraded,-4.0,20260806,2,0.3801019489765167,0.6198980808258057,0.995,0.9951219512195122,0.9949999999999999,0.9949992186279106,0.025029949843883514,0.025029949843883514
stage3,4Nm,both_modalities_degraded,-4.0,20260806,3,0.37992948293685913,0.6200705766677856,0.993,0.9932367149758454,0.993,0.9929978555932755,0.025109751150012016,0.025109751150012016
stage3,4Nm,both_modalities_degraded,-4.0,20260806,4,0.37979957461357117,0.620200514793396,0.9925,0.9927710843373493,0.9925,0.9924973623539526,0.025187423452734947,0.025187423452734947
stage3,4Nm,both_modalities_degraded,-4.0,20260806,5,0.3799511194229126,0.6200489401817322,0.9935,0.9937046004842613,0.9935,0.9934982831403918,0.025036677718162537,0.025036677718162537
stage3,4Nm,both_modalities_degraded,-6.0,20260806,1,0.3643142580986023,0.6356858015060425,0.977,0.9792765277816695,0.977,0.9769285818434599,0.022963110357522964,0.022963110357522964
stage3,4Nm,both_modalities_degraded,-6.0,20260806,2,0.36420416831970215,0.6357958316802979,0.971,0.9746724890829694,0.9710000000000001,0.9708467632995935,0.02289138175547123,0.02289138175547123
stage3,4Nm,both_modalities_degraded,-6.0,20260806,3,0.36440953612327576,0.6355904340744019,0.9785,0.98058690744921,0.9785,0.9784662321781669,0.022823750972747803,0.022823750972747803
stage3,4Nm,both_modalities_degraded,-6.0,20260806,4,0.36432909965515137,0.6356709003448486,0.9775,0.9797752808988764,0.9775,0.97745858789471,0.022854221984744072,0.022854221984744072
stage3,4Nm,both_modalities_degraded,-6.0,20260806,5,0.3642484247684479,0.6357516050338745,0.9755,0.978173719376392,0.9754999999999999,0.9754077406018518,0.02300202287733555,0.02300202287733555
stage3,4Nm,both_modalities_degraded,-8.0,20260806,1,0.3517240881919861,0.6482758522033691,0.9615,0.9665582934660242,0.9615,0.9612257782374014,0.020433440804481506,0.020433440804481506
stage3,4Nm,both_modalities_degraded,-8.0,20260806,2,0.3513326346874237,0.6486673355102539,0.96,0.9654621257413746,0.9600000000000002,0.9596878026451664,0.020360242575407028,0.020360242575407028
stage3,4Nm,both_modalities_degraded,-8.0,20260806,3,0.351619154214859,0.6483808755874634,0.961,0.9664399108611452,0.9610000000000001,0.9608015581842407,0.020620126277208328,0.02062012441456318
stage3,4Nm,both_modalities_degraded,-8.0,20260806,4,0.3514055907726288,0.6485943794250488,0.9595,0.9647604722010662,0.9595,0.9592182097312094,0.0203317292034626,0.02033172734081745
stage3,4Nm,both_modalities_degraded,-8.0,20260806,5,0.3513195514678955,0.6486804485321045,0.9635,0.967585845365401,0.9635,0.9633028780233645,0.020383955910801888,0.020383955910801888
stage3,4Nm,both_modalities_degraded,-10.0,20260806,1,0.34116122126579285,0.6588387489318848,0.931,0.9377966440475334,0.931,0.9306565760074802,0.01746385544538498,0.01746385544538498
stage3,4Nm,both_modalities_degraded,-10.0,20260806,2,0.34126153588294983,0.6587385535240173,0.9355,0.9415405419001399,0.9355,0.9351426985019644,0.01750253140926361,0.01750253140926361
stage3,4Nm,both_modalities_degraded,-10.0,20260806,3,0.3410883843898773,0.6589116454124451,0.918,0.924699691559972,0.9179999999999999,0.9172846418278761,0.017560508102178574,0.017560508102178574
stage3,4Nm,both_modalities_degraded,-10.0,20260806,4,0.3410567343235016,0.658943235874176,0.934,0.9397462573481125,0.9339999999999999,0.9336891075906213,0.017443174496293068,0.017443176358938217
stage3,4Nm,both_modalities_degraded,-10.0,20260806,5,0.34100332856178284,0.6589966416358948,0.9305,0.9369963209090247,0.9305000000000001,0.930001215280468,0.017632190138101578,0.01763218827545643
stage3,4Nm,vibration_only_degraded,0.0,20260806,1,0.41598013043403625,0.5840198993682861,1.0,1.0,1.0,1.0,0.030155159533023834,0.030155159533023834
stage3,4Nm,vibration_only_degraded,0.0,20260806,2,0.4160125255584717,0.5839875340461731,1.0,1.0,1.0,1.0,0.030205674469470978,0.030205674469470978
stage3,4Nm,vibration_only_degraded,0.0,20260806,3,0.4161739945411682,0.5838260054588318,1.0,1.0,1.0,1.0,0.030212756246328354,0.030212758108973503
stage3,4Nm,vibration_only_degraded,0.0,20260806,4,0.4159201681613922,0.5840798616409302,1.0,1.0,1.0,1.0,0.030231617391109467,0.030231617391109467
stage3,4Nm,vibration_only_degraded,0.0,20260806,5,0.41600799560546875,0.5839920043945312,1.0,1.0,1.0,1.0,0.03012917749583721,0.03012917935848236
stage3,4Nm,vibration_only_degraded,-2.0,20260806,1,0.41301411390304565,0.5869859457015991,1.0,1.0,1.0,1.0,0.029496971517801285,0.029496971517801285
stage3,4Nm,vibration_only_degraded,-2.0,20260806,2,0.4129089415073395,0.5870910882949829,0.999,0.9990049751243781,0.999,0.998999993749961,0.02956037037074566,0.02956037037074566
stage3,4Nm,vibration_only_degraded,-2.0,20260806,3,0.41302385926246643,0.5869761109352112,0.9995,0.9995012468827931,0.9995,0.9994999992187488,0.029556352645158768,0.02955635078251362
stage3,4Nm,vibration_only_degraded,-2.0,20260806,4,0.4129006266593933,0.5870993733406067,0.999,0.9990049751243781,0.999,0.998999993749961,0.029449403285980225,0.029449403285980225
stage3,4Nm,vibration_only_degraded,-2.0,20260806,5,0.4130239188671112,0.5869760513305664,0.9985,0.9985111662531019,0.9984999999999999,0.9984999789059532,0.029554203152656555,0.029554205015301704
stage3,4Nm,vibration_only_degraded,-4.0,20260806,1,0.4087756276130676,0.5912243723869324,0.98,0.9818181818181818,0.9800000000000001,0.9799498746867169,0.028585005551576614,0.028585005551576614
stage3,4Nm,vibration_only_degraded,-4.0,20260806,2,0.4091185927391052,0.59088134765625,0.9855,0.9864801864801865,0.9855,0.9854809210227815,0.028576914221048355,0.028576914221048355
stage3,4Nm,vibration_only_degraded,-4.0,20260806,3,0.40892985463142395,0.5910701751708984,0.9795,0.98140589569161,0.9795,0.9794460136702808,0.028689736500382423,0.028689736500382423
stage3,4Nm,vibration_only_degraded,-4.0,20260806,4,0.4088003635406494,0.5911996364593506,0.977,0.979372197309417,0.977,0.9769237039963379,0.028707750141620636,0.028707748278975487
stage3,4Nm,vibration_only_degraded,-4.0,20260806,5,0.4089824855327606,0.5910175442695618,0.985,0.9860465116279069,0.985,0.9849788765451416,0.02860838547348976,0.02860838547348976
stage3,4Nm,vibration_only_degraded,-6.0,20260806,1,0.40353259444236755,0.5964674353599548,0.9275,0.9467889908256881,0.9275,0.9251594173966652,0.02736911177635193,0.02736911177635193
stage3,4Nm,vibration_only_degraded,-6.0,20260806,2,0.40340399742126465,0.5965960621833801,0.923,0.9444043321299638,0.923,0.9200368661201654,0.027350541204214096,0.027350541204214096
stage3,4Nm,vibration_only_degraded,-6.0,20260806,3,0.40357983112335205,0.596420168876648,0.929,0.9476014760147601,0.929,0.9269265118359927,0.027160795405507088,0.027160795405507088
stage3,4Nm,vibration_only_degraded,-6.0,20260806,4,0.4035413861274719,0.5964585542678833,0.93,0.9481481481481481,0.93,0.9279049644127777,0.027297325432300568,0.02729732356965542
stage3,4Nm,vibration_only_degraded,-6.0,20260806,5,0.4034349322319031,0.5965650677680969,0.931,0.9486988847583643,0.931,0.9288838500634506,0.027435867115855217,0.027435867115855217
stage3,4Nm,vibration_only_degraded,-8.0,20260806,1,0.39654406905174255,0.6034559607505798,0.8625,0.9166666517710848,0.8625,0.8451781248419479,0.02496633119881153,0.02496633119881153
stage3,4Nm,vibration_only_degraded,-8.0,20260806,2,0.3960590660572052,0.6039409637451172,0.8565,0.9138736062955408,0.8564999999999999,0.8384915621216249,0.024869393557310104,0.024869393557310104
stage3,4Nm,vibration_only_degraded,-8.0,20260806,3,0.3964739739894867,0.6035259962081909,0.8565,0.9145395462749775,0.8565000000000002,0.8398416864182003,0.025229794904589653,0.025229794904589653
stage3,4Nm,vibration_only_degraded,-8.0,20260806,4,0.3961350619792938,0.603864848613739,0.8555,0.9134033179358834,0.8555000000000001,0.8385300852512947,0.024827050045132637,0.024827051907777786
stage3,4Nm,vibration_only_degraded,-8.0,20260806,5,0.39601874351501465,0.6039812564849854,0.8525,0.9126113358207298,0.8525,0.8336841506036713,0.02485872246325016,0.02485872246325016
stage3,4Nm,vibration_only_degraded,-10.0,20260806,1,0.38760867714881897,0.6123912930488586,0.782,0.871553820924078,0.782,0.7462986899084925,0.02143491432070732,0.021434912458062172
stage3,4Nm,vibration_only_degraded,-10.0,20260806,2,0.38778093457221985,0.6122190952301025,0.7775,0.8657418090511161,0.7775000000000001,0.7415253527275716,0.021635601297020912,0.021635599434375763
stage3,4Nm,vibration_only_degraded,-10.0,20260806,3,0.38746899366378784,0.6125310063362122,0.776,0.860592394902685,0.776,0.7422592484263355,0.021673481911420822,0.021673481911420822
stage3,4Nm,vibration_only_degraded,-10.0,20260806,4,0.38746824860572815,0.6125317215919495,0.782,0.8698351298278639,0.782,0.7506432041135932,0.021443607285618782,0.021443605422973633
stage3,4Nm,vibration_only_degraded,-10.0,20260806,5,0.3873694837093353,0.6126304864883423,0.7815,0.8654174503455708,0.7815000000000001,0.7464419035005004,0.021647362038493156,0.021647362038493156
stage3,4Nm,current_only_degraded,0.0,20260806,1,0.41598013043403625,0.5840198993682861,1.0,1.0,1.0,1.0,0.030155159533023834,0.030155159533023834
stage3,4Nm,current_only_degraded,0.0,20260806,2,0.4160125255584717,0.5839875340461731,1.0,1.0,1.0,1.0,0.030205674469470978,0.030205674469470978
stage3,4Nm,current_only_degraded,0.0,20260806,3,0.4161739945411682,0.5838260054588318,1.0,1.0,1.0,1.0,0.030212756246328354,0.030212758108973503
stage3,4Nm,current_only_degraded,0.0,20260806,4,0.4159201681613922,0.5840798616409302,1.0,1.0,1.0,1.0,0.030231617391109467,0.030231617391109467
stage3,4Nm,current_only_degraded,0.0,20260806,5,0.41600799560546875,0.5839920043945312,1.0,1.0,1.0,1.0,0.03012917749583721,0.03012917935848236
stage3,4Nm,current_only_degraded,-2.0,20260806,1,0.40067535638809204,0.5993247032165527,1.0,1.0,1.0,1.0,0.02812793292105198,0.02812793478369713
stage3,4Nm,current_only_degraded,-2.0,20260806,2,0.4005875587463379,0.5994125008583069,1.0,1.0,1.0,1.0,0.02819395437836647,0.02819395251572132
stage3,4Nm,current_only_degraded,-2.0,20260806,3,0.40067628026008606,0.5993237495422363,1.0,1.0,1.0,1.0,0.02818133682012558,0.02818133682012558
stage3,4Nm,current_only_degraded,-2.0,20260806,4,0.4005909264087677,0.5994090437889099,1.0,1.0,1.0,1.0,0.0281143207103014,0.0281143207103014
stage3,4Nm,current_only_degraded,-2.0,20260806,5,0.4006865620613098,0.5993134379386902,1.0,1.0,1.0,1.0,0.028188828378915787,0.028188828378915787
stage3,4Nm,current_only_degraded,-4.0,20260806,1,0.38590627908706665,0.6140937209129333,1.0,1.0,1.0,1.0,0.02621513418853283,0.02621513418853283
stage3,4Nm,current_only_degraded,-4.0,20260806,2,0.3861303925514221,0.6138696074485779,1.0,1.0,1.0,1.0,0.026216886937618256,0.026216888800263405
stage3,4Nm,current_only_degraded,-4.0,20260806,3,0.3860224485397339,0.6139775514602661,1.0,1.0,1.0,1.0,0.02623768337070942,0.02623768337070942
stage3,4Nm,current_only_degraded,-4.0,20260806,4,0.38592368364334106,0.6140763163566589,1.0,1.0,1.0,1.0,0.026273852214217186,0.026273852214217186
stage3,4Nm,current_only_degraded,-4.0,20260806,5,0.38603657484054565,0.6139633655548096,1.0,1.0,1.0,1.0,0.02622593194246292,0.02622593194246292
stage3,4Nm,current_only_degraded,-6.0,20260806,1,0.3745623230934143,0.6254376173019409,1.0,1.0,1.0,1.0,0.024926798418164253,0.024926798418164253
stage3,4Nm,current_only_degraded,-6.0,20260806,2,0.3745356500148773,0.6254644393920898,1.0,1.0,1.0,1.0,0.02487490326166153,0.02487490326166153
stage3,4Nm,current_only_degraded,-6.0,20260806,3,0.3745923936367035,0.6254075765609741,1.0,1.0,1.0,1.0,0.02483382262289524,0.02483382076025009
stage3,4Nm,current_only_degraded,-6.0,20260806,4,0.3745029866695404,0.625497043132782,1.0,1.0,1.0,1.0,0.02486497350037098,0.02486497350037098
stage3,4Nm,current_only_degraded,-6.0,20260806,5,0.37452203035354614,0.6254780292510986,1.0,1.0,1.0,1.0,0.024869780987501144,0.024869782850146294
stage3,4Nm,current_only_degraded,-8.0,20260806,1,0.3675573468208313,0.6324426531791687,1.0,1.0,1.0,1.0,0.024120885878801346,0.024120887741446495
stage3,4Nm,current_only_degraded,-8.0,20260806,2,0.36748620867729187,0.6325138807296753,1.0,1.0,1.0,1.0,0.024105481803417206,0.024105483666062355
stage3,4Nm,current_only_degraded,-8.0,20260806,3,0.3675121068954468,0.6324878931045532,1.0,1.0,1.0,1.0,0.024139661341905594,0.024139661341905594
stage3,4Nm,current_only_degraded,-8.0,20260806,4,0.3675040900707245,0.6324959397315979,1.0,1.0,1.0,1.0,0.024026155471801758,0.024026157334446907
stage3,4Nm,current_only_degraded,-8.0,20260806,5,0.3674502670764923,0.6325497031211853,0.9995,0.9995012468827931,0.9995,0.9994999992187488,0.024122655391693115,0.024122655391693115
stage3,4Nm,current_only_degraded,-10.0,20260806,1,0.36447808146476746,0.6355218291282654,1.0,1.0,1.0,1.0,0.02380688302218914,0.02380688115954399
stage3,4Nm,current_only_degraded,-10.0,20260806,2,0.3643825352191925,0.6356174349784851,1.0,1.0,1.0,1.0,0.02381185069680214,0.02381185069680214
stage3,4Nm,current_only_degraded,-10.0,20260806,3,0.36430585384368896,0.635694146156311,1.0,1.0,1.0,1.0,0.023790914565324783,0.023790916427969933
stage3,4Nm,current_only_degraded,-10.0,20260806,4,0.3643593192100525,0.6356407403945923,1.0,1.0,1.0,1.0,0.023833902552723885,0.023833904415369034
stage3,4Nm,current_only_degraded,-10.0,20260806,5,0.3643588721752167,0.6356410980224609,1.0,1.0,1.0,1.0,0.023836368694901466,0.023836368694901466
stage3,2Nm,both_modalities_degraded,0.0,20260807,1,0.5467098355293274,0.45329010486602783,1.0,1.0,1.0,1.0,0.13000674545764923,0.13000674545764923
stage3,2Nm,both_modalities_degraded,0.0,20260807,2,0.5464856624603271,0.45351433753967285,1.0,1.0,1.0,1.0,0.12994949519634247,0.12994949519634247
stage3,2Nm,both_modalities_degraded,0.0,20260807,3,0.5463747382164001,0.45362523198127747,1.0,1.0,1.0,1.0,0.12982739508152008,0.12982739508152008
stage3,2Nm,both_modalities_degraded,0.0,20260807,4,0.5464257001876831,0.4535742998123169,1.0,1.0,1.0,1.0,0.1298285871744156,0.1298285871744156
stage3,2Nm,both_modalities_degraded,0.0,20260807,5,0.546326756477356,0.45367324352264404,1.0,1.0,1.0,1.0,0.129810631275177,0.129810631275177
stage3,2Nm,both_modalities_degraded,-2.0,20260807,1,0.5351656675338745,0.4648343026638031,1.0,1.0,1.0,1.0,0.12606824934482574,0.12606824934482574
stage3,2Nm,both_modalities_degraded,-2.0,20260807,2,0.535919725894928,0.464080274105072,1.0,1.0,1.0,1.0,0.12645193934440613,0.12645193934440613
stage3,2Nm,both_modalities_degraded,-2.0,20260807,3,0.53562331199646,0.4643767178058624,1.0,1.0,1.0,1.0,0.1262829303741455,0.1262829303741455
stage3,2Nm,both_modalities_degraded,-2.0,20260807,4,0.5353717803955078,0.4646282494068146,1.0,1.0,1.0,1.0,0.12620434165000916,0.12620434165000916
stage3,2Nm,both_modalities_degraded,-2.0,20260807,5,0.5353890061378479,0.4646110236644745,1.0,1.0,1.0,1.0,0.1262519806623459,0.1262519806623459
stage3,2Nm,both_modalities_degraded,-4.0,20260807,1,0.5254570841789246,0.47454291582107544,1.0,1.0,1.0,1.0,0.12118853628635406,0.12118853628635406
stage3,2Nm,both_modalities_degraded,-4.0,20260807,2,0.5254597067832947,0.47454026341438293,0.999,0.9990049751243781,0.999,0.998999993749961,0.1207989975810051,0.1207990050315857
stage3,2Nm,both_modalities_degraded,-4.0,20260807,3,0.5259473919868469,0.4740525782108307,0.9995,0.9995012468827931,0.9995,0.9994999992187488,0.12113964557647705,0.12113963812589645
stage3,2Nm,both_modalities_degraded,-4.0,20260807,4,0.5254880785942078,0.47451189160346985,0.999,0.999,0.999,0.999,0.12051911652088165,0.12051911652088165
stage3,2Nm,both_modalities_degraded,-4.0,20260807,5,0.5259303450584412,0.4740697145462036,0.999,0.999,0.999,0.999,0.12115480750799179,0.12115481495857239
stage3,2Nm,both_modalities_degraded,-6.0,20260807,1,0.5183783173561096,0.48162171244621277,0.992,0.9920558253373576,0.992,0.9919933938980126,0.11301756650209427,0.11301756650209427
stage3,2Nm,both_modalities_degraded,-6.0,20260807,2,0.5186443328857422,0.4813556373119354,0.993,0.9930247578935706,0.993,0.9930061891886567,0.11297138780355453,0.11297138780355453
stage3,2Nm,both_modalities_degraded,-6.0,20260807,3,0.5179868340492249,0.48201316595077515,0.9945,0.9945136846937382,0.9945,0.99450247655446,0.11244317144155502,0.11244317144155502
stage3,2Nm,both_modalities_degraded,-6.0,20260807,4,0.5178042054176331,0.48219579458236694,0.9925,0.9925581844173423,0.9925,0.9924997078344292,0.11284492164850235,0.11284492164850235
stage3,2Nm,both_modalities_degraded,-6.0,20260807,5,0.5181816816329956,0.481818288564682,0.9925,0.9925647615298405,0.9924999999999999,0.9924913569610485,0.11246342211961746,0.11246342211961746
stage3,2Nm,both_modalities_degraded,-8.0,20260807,1,0.5151041150093079,0.48489588499069214,0.9675,0.9677772630418107,0.9675,0.9674104569155514,0.10119962692260742,0.10119962692260742
stage3,2Nm,both_modalities_degraded,-8.0,20260807,2,0.5155287981033325,0.4844712018966675,0.9685,0.9689147758017749,0.9684999999999999,0.9683963329343721,0.1012989729642868,0.1012989729642868
stage3,2Nm,both_modalities_degraded,-8.0,20260807,3,0.5156429409980774,0.4843570291996002,0.9645,0.9651848190120285,0.9644999999999999,0.9643515964492344,0.10110150277614594,0.10110151022672653
stage3,2Nm,both_modalities_degraded,-8.0,20260807,4,0.5154621601104736,0.48453783988952637,0.966,0.9666909892351422,0.966,0.9658339678945758,0.10128820687532425,0.10128820687532425
stage3,2Nm,both_modalities_degraded,-8.0,20260807,5,0.5158354640007019,0.4841645359992981,0.969,0.9696528572017566,0.969,0.9689011711821653,0.10203545540571213,0.10203545540571213
stage3,2Nm,both_modalities_degraded,-10.0,20260807,1,0.5128418803215027,0.4871581494808197,0.789,0.8096046107345843,0.789,0.7789732365081875,0.08797604590654373,0.08797604590654373
stage3,2Nm,both_modalities_degraded,-10.0,20260807,2,0.5134000182151794,0.48659998178482056,0.7855,0.8068785818956664,0.7855000000000001,0.7763116409861194,0.08830071985721588,0.08830071985721588
stage3,2Nm,both_modalities_degraded,-10.0,20260807,3,0.5127682685852051,0.4872317612171173,0.7955,0.8151910962425308,0.7955,0.7860008470424711,0.08753275871276855,0.08753275871276855
stage3,2Nm,both_modalities_degraded,-10.0,20260807,4,0.5134350657463074,0.4865649342536926,0.7875,0.8097043649550837,0.7875,0.7768726759089971,0.0884811133146286,0.0884811133146286
stage3,2Nm,both_modalities_degraded,-10.0,20260807,5,0.5131944417953491,0.4868055582046509,0.796,0.8154454892606162,0.796,0.7876519902625854,0.08820284903049469,0.08820284903049469
stage3,2Nm,vibration_only_degraded,0.0,20260807,1,0.5467098355293274,0.45329010486602783,1.0,1.0,1.0,1.0,0.13000674545764923,0.13000674545764923
stage3,2Nm,vibration_only_degraded,0.0,20260807,2,0.5464856624603271,0.45351433753967285,1.0,1.0,1.0,1.0,0.12994949519634247,0.12994949519634247
stage3,2Nm,vibration_only_degraded,0.0,20260807,3,0.5463747382164001,0.45362523198127747,1.0,1.0,1.0,1.0,0.12982739508152008,0.12982739508152008
stage3,2Nm,vibration_only_degraded,0.0,20260807,4,0.5464257001876831,0.4535742998123169,1.0,1.0,1.0,1.0,0.1298285871744156,0.1298285871744156
stage3,2Nm,vibration_only_degraded,0.0,20260807,5,0.546326756477356,0.45367324352264404,1.0,1.0,1.0,1.0,0.129810631275177,0.129810631275177
stage3,2Nm,vibration_only_degraded,-2.0,20260807,1,0.5444247722625732,0.45557525753974915,1.0,1.0,1.0,1.0,0.12607859075069427,0.12607859075069427
stage3,2Nm,vibration_only_degraded,-2.0,20260807,2,0.5451763868331909,0.45482364296913147,1.0,1.0,1.0,1.0,0.12645681202411652,0.12645681202411652
stage3,2Nm,vibration_only_degraded,-2.0,20260807,3,0.5448781847953796,0.4551217555999756,1.0,1.0,1.0,1.0,0.12629200518131256,0.12629202008247375
stage3,2Nm,vibration_only_degraded,-2.0,20260807,4,0.5446267127990723,0.4553733170032501,1.0,1.0,1.0,1.0,0.12620970606803894,0.12620970606803894
stage3,2Nm,vibration_only_degraded,-2.0,20260807,5,0.544638454914093,0.45536160469055176,1.0,1.0,1.0,1.0,0.12625759840011597,0.12625759840011597
stage3,2Nm,vibration_only_degraded,-4.0,20260807,1,0.5437957644462585,0.45620423555374146,0.999,0.9990049751243781,0.999,0.998999993749961,0.12137537449598312,0.12137537449598312
stage3,2Nm,vibration_only_degraded,-4.0,20260807,2,0.543771505355835,0.4562285244464874,0.998,0.998019801980198,0.998,0.99799994999875,0.12096577137708664,0.12096577137708664
stage3,2Nm,vibration_only_degraded,-4.0,20260807,3,0.5442642569541931,0.4557357132434845,0.999,0.9990049751243781,0.999,0.998999993749961,0.1213274896144867,0.1213274896144867
stage3,2Nm,vibration_only_degraded,-4.0,20260807,4,0.5438132286071777,0.45618680119514465,0.998,0.9980049501237531,0.998,0.9979999874999219,0.12069399654865265,0.12069399654865265
stage3,2Nm,vibration_only_degraded,-4.0,20260807,5,0.544172465801239,0.4558274447917938,0.9975,0.9975308641975309,0.9974999999999999,0.9974999023399352,0.12129191309213638,0.12129191309213638
stage3,2Nm,vibration_only_degraded,-6.0,20260807,1,0.5438093543052673,0.45619067549705505,0.975,0.9765592952737897,0.975,0.9749390761667186,0.1134188249707222,0.11341883987188339
stage3,2Nm,vibration_only_degraded,-6.0,20260807,2,0.5441102385520935,0.4558897912502289,0.981,0.9820671348732093,0.9810000000000001,0.9809742852881355,0.11336201429367065,0.11336201429367065
stage3,2Nm,vibration_only_degraded,-6.0,20260807,3,0.5434383153915405,0.45656171441078186,0.984,0.9849712428107026,0.984,0.9839796757641028,0.1127915307879448,0.1127915307879448
stage3,2Nm,vibration_only_degraded,-6.0,20260807,4,0.5432275533676147,0.45677250623703003,0.9775,0.9785964586352055,0.9775,0.9774659239633806,0.11326312273740768,0.11326313018798828
stage3,2Nm,vibration_only_degraded,-6.0,20260807,5,0.5436034202575684,0.4563966691493988,0.977,0.9787413143753756,0.977,0.9769187656793861,0.11283145844936371,0.11283145844936371
stage3,2Nm,vibration_only_degraded,-8.0,20260807,1,0.545562207698822,0.45443782210350037,0.9135,0.9220861962041486,0.9135,0.9121832498701989,0.10148512572050095,0.10148513317108154
stage3,2Nm,vibration_only_degraded,-8.0,20260807,2,0.5458874106407166,0.45411258935928345,0.9235,0.9312771217913062,0.9235,0.9225473382645344,0.10156035423278809,0.10156035423278809
stage3,2Nm,vibration_only_degraded,-8.0,20260807,3,0.54595947265625,0.4540404677391052,0.917,0.9241067666229608,0.917,0.9160209530333129,0.10134225338697433,0.10134225338697433
stage3,2Nm,vibration_only_degraded,-8.0,20260807,4,0.5458822846412659,0.4541177749633789,0.913,0.9224867574126145,0.9129999999999999,0.9117960758926742,0.1015012338757515,0.1015012338757515
stage3,2Nm,vibration_only_degraded,-8.0,20260807,5,0.5462368130683899,0.4537631869316101,0.9175,0.9275697325838264,0.9175000000000001,0.9160450354793417,0.102283775806427,0.1022837832570076
stage3,2Nm,vibration_only_degraded,-10.0,20260807,1,0.5481522679328918,0.45184773206710815,0.758,0.7912940662700132,0.7579999999999999,0.7485003460344787,0.086710125207901,0.086710125207901
stage3,2Nm,vibration_only_degraded,-10.0,20260807,2,0.5485894680023193,0.45141053199768066,0.7525,0.7852118237834804,0.7525000000000001,0.741782598508334,0.08705125004053116,0.08705125004053116
stage3,2Nm,vibration_only_degraded,-10.0,20260807,3,0.5481606721878052,0.4518393278121948,0.7565,0.786112030750717,0.7565000000000001,0.7465704299541293,0.08616848289966583,0.08616848289966583
stage3,2Nm,vibration_only_degraded,-10.0,20260807,4,0.548530101776123,0.45146989822387695,0.754,0.7888121502317961,0.754,0.7425849479237929,0.08718923479318619,0.08718924224376678
stage3,2Nm,vibration_only_degraded,-10.0,20260807,5,0.5484232902526855,0.45157673954963684,0.7615,0.794914728470955,0.7615000000000001,0.7535057964070172,0.08683288097381592,0.08683288097381592
stage3,2Nm,current_only_degraded,0.0,20260807,1,0.5467098355293274,0.45329010486602783,1.0,1.0,1.0,1.0,0.13000674545764923,0.13000674545764923
stage3,2Nm,current_only_degraded,0.0,20260807,2,0.5464856624603271,0.45351433753967285,1.0,1.0,1.0,1.0,0.12994949519634247,0.12994949519634247
stage3,2Nm,current_only_degraded,0.0,20260807,3,0.5463747382164001,0.45362523198127747,1.0,1.0,1.0,1.0,0.12982739508152008,0.12982739508152008
stage3,2Nm,current_only_degraded,0.0,20260807,4,0.5464257001876831,0.4535742998123169,1.0,1.0,1.0,1.0,0.1298285871744156,0.1298285871744156
stage3,2Nm,current_only_degraded,0.0,20260807,5,0.546326756477356,0.45367324352264404,1.0,1.0,1.0,1.0,0.129810631275177,0.129810631275177
stage3,2Nm,current_only_degraded,-2.0,20260807,1,0.5368631482124329,0.46313679218292236,1.0,1.0,1.0,1.0,0.12963084876537323,0.12963084876537323
stage3,2Nm,current_only_degraded,-2.0,20260807,2,0.5374011993408203,0.4625988304615021,1.0,1.0,1.0,1.0,0.12998154759407043,0.12998154759407043
stage3,2Nm,current_only_degraded,-2.0,20260807,3,0.5371947288513184,0.46280527114868164,1.0,1.0,1.0,1.0,0.12980514764785767,0.12980514764785767
stage3,2Nm,current_only_degraded,-2.0,20260807,4,0.5369750261306763,0.4630250036716461,1.0,1.0,1.0,1.0,0.12970982491970062,0.12970982491970062
stage3,2Nm,current_only_degraded,-2.0,20260807,5,0.5369394421577454,0.46306052803993225,1.0,1.0,1.0,1.0,0.12973631918430328,0.12973631918430328
stage3,2Nm,current_only_degraded,-4.0,20260807,1,0.5281394124031067,0.4718605875968933,1.0,1.0,1.0,1.0,0.12966550886631012,0.12966550886631012
stage3,2Nm,current_only_degraded,-4.0,20260807,2,0.5282561779022217,0.4717438220977783,1.0,1.0,1.0,1.0,0.12955471873283386,0.12955471873283386
stage3,2Nm,current_only_degraded,-4.0,20260807,3,0.5285118222236633,0.4714881181716919,1.0,1.0,1.0,1.0,0.12976156175136566,0.12976156175136566
stage3,2Nm,current_only_degraded,-4.0,20260807,4,0.5281481742858887,0.47185176610946655,1.0,1.0,1.0,1.0,0.1294160634279251,0.1294160634279251
stage3,2Nm,current_only_degraded,-4.0,20260807,5,0.5284789800643921,0.4715209901332855,1.0,1.0,1.0,1.0,0.12977927923202515,0.12977927923202515
stage3,2Nm,current_only_degraded,-6.0,20260807,1,0.5211478471755981,0.47885215282440186,1.0,1.0,1.0,1.0,0.12916460633277893,0.12916460633277893
stage3,2Nm,current_only_degraded,-6.0,20260807,2,0.5211312174797058,0.4788687825202942,1.0,1.0,1.0,1.0,0.1290411353111267,0.1290411353111267
stage3,2Nm,current_only_degraded,-6.0,20260807,3,0.520952582359314,0.47904741764068604,1.0,1.0,1.0,1.0,0.12888267636299133,0.12888269126415253
stage3,2Nm,current_only_degraded,-6.0,20260807,4,0.520763099193573,0.4792368710041046,1.0,1.0,1.0,1.0,0.12887677550315857,0.12887677550315857
stage3,2Nm,current_only_degraded,-6.0,20260807,5,0.5211323499679565,0.4788677394390106,1.0,1.0,1.0,1.0,0.12901091575622559,0.12901091575622559
stage3,2Nm,current_only_degraded,-8.0,20260807,1,0.5162686109542847,0.48373132944107056,0.9995,0.9995012468827931,0.9995,0.9994999992187488,0.1279096007347107,0.1279096007347107
stage3,2Nm,current_only_degraded,-8.0,20260807,2,0.5167880058288574,0.4832119643688202,0.999,0.9990049751243781,0.999,0.998999993749961,0.12825220823287964,0.12825220823287964
stage3,2Nm,current_only_degraded,-8.0,20260807,3,0.5163066983222961,0.48369327187538147,1.0,1.0,1.0,1.0,0.1279270350933075,0.1279270350933075
stage3,2Nm,current_only_degraded,-8.0,20260807,4,0.516587495803833,0.4834124743938446,0.999,0.9990049751243781,0.999,0.998999993749961,0.12820173799991608,0.12820173799991608
stage3,2Nm,current_only_degraded,-8.0,20260807,5,0.5168862342834473,0.4831138253211975,1.0,1.0,1.0,1.0,0.12838150560855865,0.12838150560855865
stage3,2Nm,current_only_degraded,-10.0,20260807,1,0.5134681463241577,0.4865318238735199,0.9965,0.9965601965601966,0.9964999999999999,0.996499732010732,0.12703917920589447,0.12703917920589447
stage3,2Nm,current_only_degraded,-10.0,20260807,2,0.5138929486274719,0.4861070513725281,0.998,0.998019801980198,0.998,0.99799994999875,0.1272902637720108,0.1272902637720108
stage3,2Nm,current_only_degraded,-10.0,20260807,3,0.5130772590637207,0.4869228005409241,0.9975,0.9975308641975309,0.9974999999999999,0.9974999023399352,0.1268128603696823,0.1268128603696823
stage3,2Nm,current_only_degraded,-10.0,20260807,4,0.513646125793457,0.4863538444042206,0.9975,0.9975308641975309,0.9974999999999999,0.9974999023399352,0.12722589075565338,0.12722589075565338
stage3,2Nm,current_only_degraded,-10.0,20260807,5,0.5138482451438904,0.48615169525146484,0.9965,0.9965601965601966,0.9964999999999999,0.996499732010732,0.12731042504310608,0.12731042504310608
stage3,4Nm,both_modalities_degraded,0.0,20260807,1,0.5491634607315063,0.45083653926849365,0.94,0.9538461538461538,0.9400000000000001,0.9386189258312021,0.12678304314613342,0.12678304314613342
stage3,4Nm,both_modalities_degraded,0.0,20260807,2,0.5492565035820007,0.45074352622032166,0.9365,0.9518026565464895,0.9365,0.9348583280838506,0.12662234902381897,0.12662234902381897
stage3,4Nm,both_modalities_degraded,0.0,20260807,3,0.5491702556610107,0.45082980394363403,0.9355,0.9512287334593573,0.9355,0.9337781278524894,0.1269150674343109,0.1269150674343109
stage3,4Nm,both_modalities_degraded,0.0,20260807,4,0.5494221448898315,0.45057791471481323,0.937,0.9520912547528517,0.937,0.9353974530702232,0.1270349621772766,0.1270349621772766
stage3,4Nm,both_modalities_degraded,0.0,20260807,5,0.5491350293159485,0.4508650302886963,0.934,0.9503759398496241,0.9339999999999999,0.932152861658657,0.12662798166275024,0.12662798166275024
stage3,4Nm,both_modalities_degraded,-2.0,20260807,1,0.5387834310531616,0.461216539144516,0.9585,0.965277406656717,0.9585000000000001,0.9580701535585906,0.12280319631099701,0.12280319631099701
stage3,4Nm,both_modalities_degraded,-2.0,20260807,2,0.5388513803482056,0.46114861965179443,0.955,0.963265306122449,0.9550000000000001,0.9544231682228201,0.12262235581874847,0.12262235581874847
stage3,4Nm,both_modalities_degraded,-2.0,20260807,3,0.5390516519546509,0.4609483778476715,0.956,0.9639344262295083,0.9560000000000001,0.9554610790565846,0.12284515798091888,0.12284515798091888
stage3,4Nm,both_modalities_degraded,-2.0,20260807,4,0.5392135977745056,0.460786372423172,0.9545,0.9629327902240327,0.9545,0.9539035552199634,0.12293534725904465,0.12293534725904465
stage3,4Nm,both_modalities_degraded,-2.0,20260807,5,0.5396327972412109,0.4603671729564667,0.9505,0.9599033142750895,0.9504999999999999,0.9497614142923068,0.1228751465678215,0.1228751465678215
stage3,4Nm,both_modalities_degraded,-4.0,20260807,1,0.5291991233825684,0.4708009660243988,0.9535,0.960075363825364,0.9535,0.9530817592491309,0.11729146540164948,0.11729146540164948
stage3,4Nm,both_modalities_degraded,-4.0,20260807,2,0.5300356149673462,0.4699643552303314,0.9495,0.9578794540414879,0.9495000000000001,0.9488298869844503,0.11723105609416962,0.11723105609416962
stage3,4Nm,both_modalities_degraded,-4.0,20260807,3,0.5297951698303223,0.47020483016967773,0.9535,0.9587886546282108,0.9535,0.9531095638527678,0.11695533245801926,0.11695533245801926
stage3,4Nm,both_modalities_degraded,-4.0,20260807,4,0.5296735167503357,0.4703264832496643,0.9535,0.9602570077325021,0.9535,0.9530115802671384,0.11690866947174072,0.11690866947174072
stage3,4Nm,both_modalities_degraded,-4.0,20260807,5,0.530076265335083,0.4699237048625946,0.958,0.9629916183107673,0.958,0.9576759565422769,0.11720797419548035,0.11720797419548035
stage3,4Nm,both_modalities_degraded,-6.0,20260807,1,0.5232607126235962,0.4767392575740814,0.9445,0.9513924218401375,0.9445,0.9439814497182176,0.10952014476060867,0.10952015221118927
stage3,4Nm,both_modalities_degraded,-6.0,20260807,2,0.5228948593139648,0.47710517048835754,0.9455,0.9514721844425168,0.9455,0.945039077403733,0.10882391780614853,0.10882391780614853
stage3,4Nm,both_modalities_degraded,-6.0,20260807,3,0.5239359140396118,0.47606411576271057,0.95,0.9542356961834246,0.95,0.9496128193177885,0.10900420695543289,0.10900420695543289
stage3,4Nm,both_modalities_degraded,-6.0,20260807,4,0.5226114988327026,0.47738853096961975,0.9445,0.9511675457130732,0.9445,0.9442377727724045,0.10907716304063797,0.10907716304063797
stage3,4Nm,both_modalities_degraded,-6.0,20260807,5,0.522939145565033,0.47706085443496704,0.9535,0.9579203743454183,0.9535,0.9533946810707985,0.10890927910804749,0.10890928655862808
stage3,4Nm,both_modalities_degraded,-8.0,20260807,1,0.5207451581954956,0.4792548418045044,0.941,0.9404622905504658,0.9410000000000001,0.9401998375043356,0.09901595860719681,0.09901595860719681
stage3,4Nm,both_modalities_degraded,-8.0,20260807,2,0.5213561058044434,0.47864392399787903,0.924,0.9232915638499077,0.924,0.922729287664108,0.0994558036327362,0.0994558036327362
stage3,4Nm,both_modalities_degraded,-8.0,20260807,3,0.5200396776199341,0.47996029257774353,0.936,0.9355753571744245,0.9359999999999999,0.9351253541037534,0.09924903512001038,0.09924903512001038
stage3,4Nm,both_modalities_degraded,-8.0,20260807,4,0.520491361618042,0.4795086681842804,0.94,0.9390707790123995,0.9400000000000001,0.9391214464001745,0.0989801287651062,0.0989801287651062
stage3,4Nm,both_modalities_degraded,-8.0,20260807,5,0.5200760960578918,0.47992390394210815,0.9365,0.936142372373433,0.9365,0.9356948772465271,0.09841521829366684,0.09841521829366684
stage3,4Nm,both_modalities_degraded,-10.0,20260807,1,0.5187883377075195,0.48121169209480286,0.7405,0.7621767912039304,0.7405,0.7263737687689016,0.08706721663475037,0.08706721663475037
stage3,4Nm,both_modalities_degraded,-10.0,20260807,2,0.5175076723098755,0.4824923276901245,0.751,0.7704035921412116,0.751,0.7380031486439733,0.0873294547200203,0.0873294547200203
stage3,4Nm,both_modalities_degraded,-10.0,20260807,3,0.5174035429954529,0.48259642720222473,0.7385,0.7571061375532178,0.7385,0.7236070544635979,0.08640185743570328,0.08640185743570328
stage3,4Nm,both_modalities_degraded,-10.0,20260807,4,0.5176922678947449,0.4823077321052551,0.7495,0.769923952852041,0.7495,0.7363932916306142,0.08708926290273666,0.08708926290273666
stage3,4Nm,both_modalities_degraded,-10.0,20260807,5,0.5168699026107788,0.4831300973892212,0.743,0.7624055672747855,0.743,0.7283952138352252,0.08675187826156616,0.08675187826156616
stage3,4Nm,vibration_only_degraded,0.0,20260807,1,0.5491634607315063,0.45083653926849365,0.94,0.9538461538461538,0.9400000000000001,0.9386189258312021,0.12678304314613342,0.12678304314613342
stage3,4Nm,vibration_only_degraded,0.0,20260807,2,0.5492565035820007,0.45074352622032166,0.9365,0.9518026565464895,0.9365,0.9348583280838506,0.12662234902381897,0.12662234902381897
stage3,4Nm,vibration_only_degraded,0.0,20260807,3,0.5491702556610107,0.45082980394363403,0.9355,0.9512287334593573,0.9355,0.9337781278524894,0.1269150674343109,0.1269150674343109
stage3,4Nm,vibration_only_degraded,0.0,20260807,4,0.5494221448898315,0.45057791471481323,0.937,0.9520912547528517,0.937,0.9353974530702232,0.1270349621772766,0.1270349621772766
stage3,4Nm,vibration_only_degraded,0.0,20260807,5,0.5491350293159485,0.4508650302886963,0.934,0.9503759398496241,0.9339999999999999,0.932152861658657,0.12662798166275024,0.12662798166275024
stage3,4Nm,vibration_only_degraded,-2.0,20260807,1,0.5480093955993652,0.45199060440063477,0.9655,0.9702773437248812,0.9655000000000001,0.9652563055556866,0.12275306135416031,0.12275306135416031
stage3,4Nm,vibration_only_degraded,-2.0,20260807,2,0.5480749607086182,0.4519250690937042,0.961,0.9673640167364017,0.961,0.9606256980420118,0.12257760018110275,0.12257760018110275
stage3,4Nm,vibration_only_degraded,-2.0,20260807,3,0.5482633709907532,0.45173659920692444,0.964,0.9694915254237287,0.9640000000000001,0.9637060187518903,0.12279032915830612,0.12279032915830612
stage3,4Nm,vibration_only_degraded,-2.0,20260807,4,0.5484307408332825,0.4515692889690399,0.9605,0.9670146137787057,0.9605,0.9601110201196354,0.12288166582584381,0.12288166582584381
stage3,4Nm,vibration_only_degraded,-2.0,20260807,5,0.5488474369049072,0.4511525630950928,0.9555,0.9632213919740735,0.9555,0.9549674193706507,0.12282794713973999,0.12282794713973999
stage3,4Nm,vibration_only_degraded,-4.0,20260807,1,0.5474749207496643,0.4525250792503357,0.9735,0.9745644948893208,0.9734999999999999,0.9734874775975791,0.11731990426778793,0.11731990426778793
stage3,4Nm,vibration_only_degraded,-4.0,20260807,2,0.5482523441314697,0.45174768567085266,0.9635,0.9663204921274273,0.9635,0.9633472538696488,0.11726512759923935,0.11726513504981995
stage3,4Nm,vibration_only_degraded,-4.0,20260807,3,0.5480520129203796,0.45194798707962036,0.971,0.9718420259270426,0.9710000000000001,0.9709644314284999,0.11698581278324127,0.11698581278324127
stage3,4Nm,vibration_only_degraded,-4.0,20260807,4,0.5479017496109009,0.45209819078445435,0.9715,0.9726091373819878,0.9715,0.9714551274238771,0.11693795770406723,0.11693795770406723
stage3,4Nm,vibration_only_degraded,-4.0,20260807,5,0.5483043193817139,0.45169568061828613,0.9725,0.9732895505145318,0.9724999999999999,0.9724686400603186,0.11723203957080841,0.11723204702138901
stage3,4Nm,vibration_only_degraded,-6.0,20260807,1,0.5486409664154053,0.45135897397994995,0.9405,0.941387121458213,0.9404999999999999,0.9404790385044537,0.10968142747879028,0.10968142747879028
stage3,4Nm,vibration_only_degraded,-6.0,20260807,2,0.5482209324836731,0.4517791271209717,0.954,0.9547201585081341,0.954,0.9539684126887755,0.10897460579872131,0.10897460579872131
stage3,4Nm,vibration_only_degraded,-6.0,20260807,3,0.5492151975631714,0.450784832239151,0.949,0.9499293614996033,0.9490000000000001,0.9489453518218628,0.10913681238889694,0.10913681238889694
stage3,4Nm,vibration_only_degraded,-6.0,20260807,4,0.547917366027832,0.45208263397216797,0.9525,0.9533708221036526,0.9525,0.9525405369934944,0.10926730185747147,0.10926730185747147
stage3,4Nm,vibration_only_degraded,-6.0,20260807,5,0.5482529401779175,0.4517470598220825,0.948,0.9491351441350162,0.9480000000000001,0.9480100622660975,0.10907948017120361,0.10907948017120361
stage3,4Nm,vibration_only_degraded,-8.0,20260807,1,0.5508896708488464,0.44911035895347595,0.879,0.8869964087885762,0.8789999999999999,0.8766761470108551,0.09899324923753738,0.09899324178695679
stage3,4Nm,vibration_only_degraded,-8.0,20260807,2,0.551590085029602,0.44840991497039795,0.87,0.8811510921614945,0.8700000000000001,0.866725626419519,0.09948642551898956,0.09948642551898956
stage3,4Nm,vibration_only_degraded,-8.0,20260807,3,0.5503295660018921,0.4496704339981079,0.872,0.882416123256941,0.8720000000000001,0.8691639389659613,0.09927275031805038,0.09927275031805038
stage3,4Nm,vibration_only_degraded,-8.0,20260807,4,0.5506555438041687,0.4493444859981537,0.8835,0.8923348986559221,0.8835,0.8811950038082441,0.09898987412452698,0.09898986667394638
stage3,4Nm,vibration_only_degraded,-8.0,20260807,5,0.5504202842712402,0.449579656124115,0.878,0.8885944462179161,0.8779999999999999,0.8751175734636665,0.09835159033536911,0.09835159033536911
stage3,4Nm,vibration_only_degraded,-10.0,20260807,1,0.553604781627655,0.44639521837234497,0.702,0.7356830097758381,0.7020000000000001,0.6874995137734319,0.08568476140499115,0.08568476140499115
stage3,4Nm,vibration_only_degraded,-10.0,20260807,2,0.5523269772529602,0.4476730227470398,0.71,0.7421756181582138,0.7100000000000001,0.6963781226442417,0.08594568073749542,0.08594568073749542
stage3,4Nm,vibration_only_degraded,-10.0,20260807,3,0.5521389842033386,0.4478610157966614,0.7,0.7348925367956054,0.7000000000000001,0.6849241478774789,0.08507637679576874,0.08507637679576874
stage3,4Nm,vibration_only_degraded,-10.0,20260807,4,0.5526528358459473,0.44734710454940796,0.708,0.7379728918381792,0.708,0.6946668969345862,0.08578017354011536,0.08578017354011536
stage3,4Nm,vibration_only_degraded,-10.0,20260807,5,0.5516612529754639,0.44833868741989136,0.7045,0.7435180944377081,0.7045,0.6932433157255714,0.08553970605134964,0.08553970605134964
stage3,4Nm,current_only_degraded,0.0,20260807,1,0.5491634607315063,0.45083653926849365,0.94,0.9538461538461538,0.9400000000000001,0.9386189258312021,0.12678304314613342,0.12678304314613342
stage3,4Nm,current_only_degraded,0.0,20260807,2,0.5492565035820007,0.45074352622032166,0.9365,0.9518026565464895,0.9365,0.9348583280838506,0.12662234902381897,0.12662234902381897
stage3,4Nm,current_only_degraded,0.0,20260807,3,0.5491702556610107,0.45082980394363403,0.9355,0.9512287334593573,0.9355,0.9337781278524894,0.1269150674343109,0.1269150674343109
stage3,4Nm,current_only_degraded,0.0,20260807,4,0.5494221448898315,0.45057791471481323,0.937,0.9520912547528517,0.937,0.9353974530702232,0.1270349621772766,0.1270349621772766
stage3,4Nm,current_only_degraded,0.0,20260807,5,0.5491350293159485,0.4508650302886963,0.934,0.9503759398496241,0.9339999999999999,0.932152861658657,0.12662798166275024,0.12662798166275024
stage3,4Nm,current_only_degraded,-2.0,20260807,1,0.539739727973938,0.460260272026062,0.928,0.9470588235294117,0.9280000000000002,0.9255890863993386,0.1267780363559723,0.1267780363559723
stage3,4Nm,current_only_degraded,-2.0,20260807,2,0.5397769808769226,0.4602230191230774,0.9255,0.945719489981785,0.9254999999999999,0.9228227951162108,0.1266201287508011,0.1266201287508011
stage3,4Nm,current_only_degraded,-2.0,20260807,3,0.5398889780044556,0.4601110517978668,0.927,0.9465201465201465,0.9269999999999999,0.924484874346193,0.12680190801620483,0.12680190801620483
stage3,4Nm,current_only_degraded,-2.0,20260807,4,0.5400932431221008,0.45990678668022156,0.932,0.9492537313432836,0.932,0.9299763155184841,0.12692493200302124,0.12692493200302124
stage3,4Nm,current_only_degraded,-2.0,20260807,5,0.5404106378555298,0.4595893621444702,0.923,0.9444043321299638,0.923,0.9200368661201654,0.12685106694698334,0.12685106694698334
stage3,4Nm,current_only_degraded,-4.0,20260807,1,0.5306239128112793,0.4693761169910431,0.906,0.9360544217687075,0.906,0.9005054113413248,0.12664668262004852,0.12664668262004852
stage3,4Nm,current_only_degraded,-4.0,20260807,2,0.5312834978103638,0.46871650218963623,0.906,0.9360544217687075,0.906,0.9005054113413248,0.1267462968826294,0.1267462968826294
stage3,4Nm,current_only_degraded,-4.0,20260807,3,0.5310301780700684,0.46896985173225403,0.905,0.9355932203389831,0.905,0.8993210796489486,0.12652556598186493,0.12652556598186493
stage3,4Nm,current_only_degraded,-4.0,20260807,4,0.5310375690460205,0.4689624011516571,0.9135,0.9396160558464224,0.9135,0.9092564635919427,0.12651346623897552,0.12651346623897552
stage3,4Nm,current_only_degraded,-4.0,20260807,5,0.5312991738319397,0.4687007963657379,0.9105,0.9381692573402418,0.9105000000000001,0.9057831202433059,0.1267976462841034,0.1267976462841034
stage3,4Nm,current_only_degraded,-6.0,20260807,1,0.5240699052810669,0.4759301245212555,0.874,0.9226993865030675,0.874,0.8601204518331438,0.12617863714694977,0.12617863714694977
stage3,4Nm,current_only_degraded,-6.0,20260807,2,0.5239608883857727,0.4760391116142273,0.8765,0.9236476043276662,0.8765000000000001,0.8634866517786977,0.12610413134098053,0.12610413134098053
stage3,4Nm,current_only_degraded,-6.0,20260807,3,0.5243597626686096,0.47564026713371277,0.8655,0.9195814648729448,0.8655000000000002,0.8483543237867728,0.12611515820026398,0.12611515820026398
stage3,4Nm,current_only_degraded,-6.0,20260807,4,0.5239574909210205,0.4760424792766571,0.8795,0.924804992199688,0.8795,0.8674729644503788,0.12607815861701965,0.12607815861701965
stage3,4Nm,current_only_degraded,-6.0,20260807,5,0.5238255858421326,0.4761744439601898,0.87,0.9212121212121213,0.8699999999999999,0.8546470999301189,0.12600988149642944,0.12600988149642944
stage3,4Nm,current_only_degraded,-8.0,20260807,1,0.5197789072990417,0.48022106289863586,0.831,0.9084010840108402,0.8309999999999998,0.7942771932227117,0.1252906620502472,0.1252906620502472
stage3,4Nm,current_only_degraded,-8.0,20260807,2,0.5199798345565796,0.480020135641098,0.835,0.9095890410958904,0.835,0.8011673884390887,0.1255190372467041,0.1255190372467041
stage3,4Nm,current_only_degraded,-8.0,20260807,3,0.5194754600524902,0.48052456974983215,0.8315,0.9085481682496608,0.8315000000000001,0.795148841918504,0.12540292739868164,0.12540292739868164
stage3,4Nm,current_only_degraded,-8.0,20260807,4,0.5197761058807373,0.4802238643169403,0.8325,0.9088435374149659,0.8324999999999999,0.7968831414902183,0.12544429302215576,0.12544429302215576
stage3,4Nm,current_only_degraded,-8.0,20260807,5,0.5196428298950195,0.48035722970962524,0.8325,0.9088435374149659,0.8324999999999999,0.7968831414902183,0.12525302171707153,0.12525302171707153
stage3,4Nm,current_only_degraded,-10.0,20260807,1,0.5169987678527832,0.4830012321472168,0.815,0.903896103896104,0.8150000000000001,0.7646591134963228,0.12433066219091415,0.12433066219091415
stage3,4Nm,current_only_degraded,-10.0,20260807,2,0.5170271992683411,0.48297274112701416,0.8165,0.904302477183833,0.8164999999999999,0.7675886731141811,0.12447661906480789,0.12447661906480789
stage3,4Nm,current_only_degraded,-10.0,20260807,3,0.5167181491851807,0.48328182101249695,0.8195,0.9051248357424442,0.8195,0.773347538352571,0.12408081442117691,0.12408081442117691
stage3,4Nm,current_only_degraded,-10.0,20260807,4,0.5167708992958069,0.4832291305065155,0.8165,0.904302477183833,0.8164999999999999,0.7675886731141811,0.1243654265999794,0.1243654265999794
stage3,4Nm,current_only_degraded,-10.0,20260807,5,0.5165453553199768,0.4834545850753784,0.8155,0.9040312093628089,0.8155000000000001,0.765639420529177,0.12408450990915298,0.12408450990915298
stage3,2Nm,both_modalities_degraded,0.0,20260808,1,0.6803807616233826,0.3196192979812622,1.0,1.0,1.0,1.0,0.04187816008925438,0.04187816008925438
stage3,2Nm,both_modalities_degraded,0.0,20260808,2,0.6805868148803711,0.3194131553173065,1.0,1.0,1.0,1.0,0.041751209646463394,0.041751209646463394
stage3,2Nm,both_modalities_degraded,0.0,20260808,3,0.6807417273521423,0.31925827264785767,0.9995,0.9995012468827931,0.9995,0.9994999992187488,0.04166056960821152,0.04166056960821152
stage3,2Nm,both_modalities_degraded,0.0,20260808,4,0.6804678440093994,0.3195321261882782,1.0,1.0,1.0,1.0,0.04184020310640335,0.04184020683169365
stage3,2Nm,both_modalities_degraded,0.0,20260808,5,0.680717945098877,0.31928205490112305,1.0,1.0,1.0,1.0,0.04154272377490997,0.04154272377490997
stage3,2Nm,both_modalities_degraded,-2.0,20260808,1,0.6724393963813782,0.3275606334209442,1.0,1.0,1.0,1.0,0.042400799691677094,0.04240080341696739
stage3,2Nm,both_modalities_degraded,-2.0,20260808,2,0.6721892952919006,0.32781073451042175,1.0,1.0,1.0,1.0,0.042557843029499054,0.042557843029499054
stage3,2Nm,both_modalities_degraded,-2.0,20260808,3,0.6724914312362671,0.3275085389614105,1.0,1.0,1.0,1.0,0.04235265403985977,0.04235265403985977
stage3,2Nm,both_modalities_degraded,-2.0,20260808,4,0.6723931431770325,0.3276068866252899,1.0,1.0,1.0,1.0,0.04238615930080414,0.04238615930080414
stage3,2Nm,both_modalities_degraded,-2.0,20260808,5,0.6724580526351929,0.32754191756248474,1.0,1.0,1.0,1.0,0.042345672845840454,0.042345672845840454
stage3,2Nm,both_modalities_degraded,-4.0,20260808,1,0.6617661118507385,0.3382338881492615,1.0,1.0,1.0,1.0,0.042667947709560394,0.042667943984270096
stage3,2Nm,both_modalities_degraded,-4.0,20260808,2,0.6617679595947266,0.3382320702075958,0.9995,0.9995012468827931,0.9995,0.9994999992187488,0.04261072725057602,0.04261072725057602
stage3,2Nm,both_modalities_degraded,-4.0,20260808,3,0.6615415215492249,0.33845850825309753,1.0,1.0,1.0,1.0,0.04298019781708717,0.04298019781708717
stage3,2Nm,both_modalities_degraded,-4.0,20260808,4,0.6615390777587891,0.3384609520435333,1.0,1.0,1.0,1.0,0.04308982938528061,0.04308982938528061
stage3,2Nm,both_modalities_degraded,-4.0,20260808,5,0.6618062853813171,0.33819371461868286,1.0,1.0,1.0,1.0,0.04301472753286362,0.04301472753286362
stage3,2Nm,both_modalities_degraded,-6.0,20260808,1,0.6485638618469238,0.35143622756004333,0.999,0.999002493765586,0.999,0.9989999984374975,0.04257940873503685,0.04257940500974655
stage3,2Nm,both_modalities_degraded,-6.0,20260808,2,0.6487868428230286,0.3512130677700043,0.9995,0.9995012468827931,0.9995,0.9994999992187488,0.042343657463788986,0.042343657463788986
stage3,2Nm,both_modalities_degraded,-6.0,20260808,3,0.6489149332046509,0.3510850965976715,0.9985,0.9985111662531019,0.9984999999999999,0.9984999789059532,0.04257488250732422,0.04257488250732422
stage3,2Nm,both_modalities_degraded,-6.0,20260808,4,0.6490317583084106,0.35096827149391174,1.0,1.0,1.0,1.0,0.042296402156353,0.042296402156353
stage3,2Nm,both_modalities_degraded,-6.0,20260808,5,0.648934543132782,0.35106542706489563,0.999,0.9990049751243781,0.999,0.998999993749961,0.04236677289009094,0.04236677289009094
stage3,2Nm,both_modalities_degraded,-8.0,20260808,1,0.6343598961830139,0.3656400740146637,0.989,0.9892395277761132,0.9890000000000001,0.9890021631003927,0.040053967386484146,0.040053967386484146
stage3,2Nm,both_modalities_degraded,-8.0,20260808,2,0.6338900923728943,0.3661099374294281,0.9855,0.9858806396040659,0.9855,0.9855073301929498,0.039728909730911255,0.039728906005620956
stage3,2Nm,both_modalities_degraded,-8.0,20260808,3,0.6342984437942505,0.36570149660110474,0.9905,0.9906747572815535,0.9905000000000002,0.9905159113831058,0.03932812809944153,0.03932812809944153
stage3,2Nm,both_modalities_degraded,-8.0,20260808,4,0.6342442631721497,0.36575573682785034,0.985,0.9854111405835544,0.9850000000000001,0.9849899160395517,0.03982098400592804,0.03982098400592804
stage3,2Nm,both_modalities_degraded,-8.0,20260808,5,0.6339070200920105,0.3660929203033447,0.9875,0.987786550893347,0.9875,0.9875010812183854,0.03938749432563782,0.039387498050928116
stage3,2Nm,both_modalities_degraded,-10.0,20260808,1,0.6186763048171997,0.3813236653804779,0.9185,0.9285482646206329,0.9185000000000001,0.9186888094734176,0.034590959548950195,0.034590963274240494
stage3,2Nm,both_modalities_degraded,-10.0,20260808,2,0.618912935256958,0.3810870051383972,0.9265,0.9345300807517045,0.9265000000000001,0.9265457607984929,0.03515582159161568,0.03515582159161568
stage3,2Nm,both_modalities_degraded,-10.0,20260808,3,0.6189488172531128,0.3810512125492096,0.932,0.9419396362629124,0.932,0.9324470638106437,0.035113949328660965,0.035113945603370667
stage3,2Nm,both_modalities_degraded,-10.0,20260808,4,0.6190066933631897,0.3809933066368103,0.931,0.9382235929080709,0.931,0.931089699864524,0.03508304804563522,0.03508305177092552
stage3,2Nm,both_modalities_degraded,-10.0,20260808,5,0.6190349459648132,0.3809650242328644,0.928,0.9339541468395922,0.9280000000000002,0.9279670856935743,0.03504194691777229,0.03504194691777229
stage3,2Nm,vibration_only_degraded,0.0,20260808,1,0.6803807616233826,0.3196192979812622,1.0,1.0,1.0,1.0,0.04187816008925438,0.04187816008925438
stage3,2Nm,vibration_only_degraded,0.0,20260808,2,0.6805868148803711,0.3194131553173065,1.0,1.0,1.0,1.0,0.041751209646463394,0.041751209646463394
stage3,2Nm,vibration_only_degraded,0.0,20260808,3,0.6807417273521423,0.31925827264785767,0.9995,0.9995012468827931,0.9995,0.9994999992187488,0.04166056960821152,0.04166056960821152
stage3,2Nm,vibration_only_degraded,0.0,20260808,4,0.6804678440093994,0.3195321261882782,1.0,1.0,1.0,1.0,0.04184020310640335,0.04184020683169365
stage3,2Nm,vibration_only_degraded,0.0,20260808,5,0.680717945098877,0.31928205490112305,1.0,1.0,1.0,1.0,0.04154272377490997,0.04154272377490997
stage3,2Nm,vibration_only_degraded,-2.0,20260808,1,0.6752545237541199,0.3247455358505249,1.0,1.0,1.0,1.0,0.04229031130671501,0.04229031130671501
stage3,2Nm,vibration_only_degraded,-2.0,20260808,2,0.6750053763389587,0.32499462366104126,1.0,1.0,1.0,1.0,0.042447205632925034,0.042447205632925034
stage3,2Nm,vibration_only_degraded,-2.0,20260808,3,0.6753060817718506,0.3246939182281494,1.0,1.0,1.0,1.0,0.04224158823490143,0.04224158823490143
stage3,2Nm,vibration_only_degraded,-2.0,20260808,4,0.6752058267593384,0.324794203042984,1.0,1.0,1.0,1.0,0.04227963835000992,0.04227964207530022
stage3,2Nm,vibration_only_degraded,-2.0,20260808,5,0.6752737164497375,0.3247262239456177,1.0,1.0,1.0,1.0,0.042235154658555984,0.04223515838384628
stage3,2Nm,vibration_only_degraded,-4.0,20260808,1,0.6681123971939087,0.33188754320144653,1.0,1.0,1.0,1.0,0.04238460585474968,0.04238460585474968
stage3,2Nm,vibration_only_degraded,-4.0,20260808,2,0.6681046485900879,0.3318953216075897,0.9995,0.9995012468827931,0.9995,0.9994999992187488,0.04232482984662056,0.04232482984662056
stage3,2Nm,vibration_only_degraded,-4.0,20260808,3,0.6678719520568848,0.33212804794311523,1.0,1.0,1.0,1.0,0.04269809648394585,0.04269809648394585
stage3,2Nm,vibration_only_degraded,-4.0,20260808,4,0.6678812503814697,0.3321187496185303,1.0,1.0,1.0,1.0,0.04280008748173714,0.04280008748173714
stage3,2Nm,vibration_only_degraded,-4.0,20260808,5,0.6681435704231262,0.331856369972229,0.999,0.9990049751243781,0.999,0.998999993749961,0.042722709476947784,0.042722709476947784
stage3,2Nm,vibration_only_degraded,-6.0,20260808,1,0.6586614847183228,0.34133851528167725,0.9995,0.9995012468827931,0.9995,0.9994999992187488,0.04211127385497093,0.04211127385497093
stage3,2Nm,vibration_only_degraded,-6.0,20260808,2,0.6588810086250305,0.34111902117729187,0.9995,0.9995012468827931,0.9995,0.9994999992187488,0.04186440631747246,0.04186440631747246
stage3,2Nm,vibration_only_degraded,-6.0,20260808,3,0.6590206027030945,0.3409793972969055,0.9985,0.9985037406483791,0.9984999999999999,0.9984999953066186,0.04209766164422035,0.04209766164422035
stage3,2Nm,vibration_only_degraded,-6.0,20260808,4,0.6591392159461975,0.3408607840538025,0.9995,0.9995012468827931,0.9995,0.9994999992187488,0.04183370992541313,0.04183370620012283
stage3,2Nm,vibration_only_degraded,-6.0,20260808,5,0.6590498685836792,0.3409501314163208,0.999,0.999002493765586,0.999,0.9989999984374975,0.04189222678542137,0.04189222678542137
stage3,2Nm,vibration_only_degraded,-8.0,20260808,1,0.6474911570549011,0.3525088429450989,0.9755,0.9777617872591093,0.9755,0.9756224889217254,0.039589859545230865,0.039589859545230865
stage3,2Nm,vibration_only_degraded,-8.0,20260808,2,0.6470855474472046,0.35291436314582825,0.9685,0.9727861771058315,0.9685,0.9687531871146348,0.03921094909310341,0.03921094909310341
stage3,2Nm,vibration_only_degraded,-8.0,20260808,3,0.6474959850311279,0.35250407457351685,0.9705,0.9741648748697715,0.9705,0.9706304866638952,0.03882812708616257,0.03882812708616257
stage3,2Nm,vibration_only_degraded,-8.0,20260808,4,0.6474010348320007,0.35259899497032166,0.9745,0.9773835920177383,0.9745000000000001,0.9747058268073715,0.03933637961745262,0.03933637961745262
stage3,2Nm,vibration_only_degraded,-8.0,20260808,5,0.6470844745635986,0.35291552543640137,0.9755,0.9780189423835832,0.9755,0.9756591024659429,0.03887062519788742,0.03887062519788742
stage3,2Nm,vibration_only_degraded,-10.0,20260808,1,0.633330225944519,0.36666983366012573,0.849,0.9044105112661118,0.849,0.8447753193398869,0.03426200896501541,0.03426200523972511
stage3,2Nm,vibration_only_degraded,-10.0,20260808,2,0.6335344314575195,0.36646562814712524,0.8595,0.9062996881357535,0.8594999999999999,0.8571634055034931,0.034837495535612106,0.034837495535612106
stage3,2Nm,vibration_only_degraded,-10.0,20260808,3,0.6335568428039551,0.3664431869983673,0.8565,0.9060320228315166,0.8564999999999999,0.8522807457267463,0.034797631204128265,0.034797631204128265
stage3,2Nm,vibration_only_degraded,-10.0,20260808,4,0.6336849331855774,0.3663150668144226,0.8515,0.9029320421355864,0.8515,0.8480238379492681,0.034813251346349716,0.034813251346349716
stage3,2Nm,vibration_only_degraded,-10.0,20260808,5,0.6336977481842041,0.3663022518157959,0.856,0.9053495816193606,0.8559999999999999,0.8531778237075589,0.03468868508934975,0.03468868508934975
stage3,2Nm,current_only_degraded,0.0,20260808,1,0.6803807616233826,0.3196192979812622,1.0,1.0,1.0,1.0,0.04187816008925438,0.04187816008925438
stage3,2Nm,current_only_degraded,0.0,20260808,2,0.6805868148803711,0.3194131553173065,1.0,1.0,1.0,1.0,0.041751209646463394,0.041751209646463394
stage3,2Nm,current_only_degraded,0.0,20260808,3,0.6807417273521423,0.31925827264785767,0.9995,0.9995012468827931,0.9995,0.9994999992187488,0.04166056960821152,0.04166056960821152
stage3,2Nm,current_only_degraded,0.0,20260808,4,0.6804678440093994,0.3195321261882782,1.0,1.0,1.0,1.0,0.04184020310640335,0.04184020683169365
stage3,2Nm,current_only_degraded,0.0,20260808,5,0.680717945098877,0.31928205490112305,1.0,1.0,1.0,1.0,0.04154272377490997,0.04154272377490997
stage3,2Nm,current_only_degraded,-2.0,20260808,1,0.6779752373695374,0.3220248222351074,1.0,1.0,1.0,1.0,0.041827816516160965,0.041827816516160965
stage3,2Nm,current_only_degraded,-2.0,20260808,2,0.6777612566947937,0.3222387731075287,1.0,1.0,1.0,1.0,0.04196608439087868,0.04196608439087868
stage3,2Nm,current_only_degraded,-2.0,20260808,3,0.6780256628990173,0.32197433710098267,1.0,1.0,1.0,1.0,0.04181509464979172,0.04181509464979172
stage3,2Nm,current_only_degraded,-2.0,20260808,4,0.6779482364654541,0.3220517337322235,1.0,1.0,1.0,1.0,0.041810352355241776,0.041810356080532074
stage3,2Nm,current_only_degraded,-2.0,20260808,5,0.6780029535293579,0.3219970762729645,1.0,1.0,1.0,1.0,0.04181051626801491,0.04181051626801491
stage3,2Nm,current_only_degraded,-4.0,20260808,1,0.674582302570343,0.32541778683662415,1.0,1.0,1.0,1.0,0.04186038300395012,0.04186038300395012
stage3,2Nm,current_only_degraded,-4.0,20260808,2,0.6746066212654114,0.3253933787345886,1.0,1.0,1.0,1.0,0.04182727634906769,0.041827280074357986
stage3,2Nm,current_only_degraded,-4.0,20260808,3,0.6743865013122559,0.3256135582923889,1.0,1.0,1.0,1.0,0.04205966368317604,0.04205966368317604
stage3,2Nm,current_only_degraded,-4.0,20260808,4,0.6743950247764587,0.3256049156188965,1.0,1.0,1.0,1.0,0.0420832522213459,0.0420832522213459
stage3,2Nm,current_only_degraded,-4.0,20260808,5,0.6744920611381531,0.3255079984664917,1.0,1.0,1.0,1.0,0.04204342141747475,0.04204342141747475
stage3,2Nm,current_only_degraded,-6.0,20260808,1,0.670794665813446,0.32920533418655396,1.0,1.0,1.0,1.0,0.04229636490345001,0.04229636490345001
stage3,2Nm,current_only_degraded,-6.0,20260808,2,0.6709188222885132,0.3290811777114868,1.0,1.0,1.0,1.0,0.04214095324277878,0.04214095324277878
stage3,2Nm,current_only_degraded,-6.0,20260808,3,0.6708434820175171,0.32915642857551575,1.0,1.0,1.0,1.0,0.04232136160135269,0.04232136532664299
stage3,2Nm,current_only_degraded,-6.0,20260808,4,0.6710028052330017,0.3289971947669983,1.0,1.0,1.0,1.0,0.04209794104099274,0.04209794104099274
stage3,2Nm,current_only_degraded,-6.0,20260808,5,0.6709867715835571,0.3290131688117981,1.0,1.0,1.0,1.0,0.042200878262519836,0.042200878262519836
stage3,2Nm,current_only_degraded,-8.0,20260808,1,0.6680589318275452,0.33194097876548767,1.0,1.0,1.0,1.0,0.0424468070268631,0.0424468070268631
stage3,2Nm,current_only_degraded,-8.0,20260808,2,0.6679618954658508,0.3320380747318268,1.0,1.0,1.0,1.0,0.04245402663946152,0.04245402663946152
stage3,2Nm,current_only_degraded,-8.0,20260808,3,0.668204128742218,0.3317958414554596,1.0,1.0,1.0,1.0,0.0421917587518692,0.0421917587518692
stage3,2Nm,current_only_degraded,-8.0,20260808,4,0.6680543422698975,0.33194565773010254,0.9995,0.9995012468827931,0.9995,0.9994999992187488,0.04238175228238106,0.042381756007671356
stage3,2Nm,current_only_degraded,-8.0,20260808,5,0.6681287884712219,0.3318712115287781,1.0,1.0,1.0,1.0,0.04221773147583008,0.04221773147583008
stage3,2Nm,current_only_degraded,-10.0,20260808,1,0.6664185523986816,0.33358141779899597,1.0,1.0,1.0,1.0,0.0423872284591198,0.0423872284591198
stage3,2Nm,current_only_degraded,-10.0,20260808,2,0.6663838028907776,0.3336162865161896,1.0,1.0,1.0,1.0,0.04239717870950699,0.04239717870950699
stage3,2Nm,current_only_degraded,-10.0,20260808,3,0.6664707064628601,0.3335293233394623,1.0,1.0,1.0,1.0,0.04232916235923767,0.04232916235923767
stage3,2Nm,current_only_degraded,-10.0,20260808,4,0.6662867665290833,0.33371323347091675,0.9995,0.9995012468827931,0.9995,0.9994999992187488,0.042580701410770416,0.04258069768548012
stage3,2Nm,current_only_degraded,-10.0,20260808,5,0.6665639281272888,0.33343610167503357,1.0,1.0,1.0,1.0,0.042289916425943375,0.042289916425943375
stage3,4Nm,both_modalities_degraded,0.0,20260808,1,0.6832939386367798,0.3167060613632202,0.999,0.9990049751243781,0.999,0.998999993749961,0.04067181050777435,0.04067181050777435
stage3,4Nm,both_modalities_degraded,0.0,20260808,2,0.6834707260131836,0.3165293037891388,0.999,0.9990012468827931,0.999,0.9989999992187488,0.0405970960855484,0.0405970923602581
stage3,4Nm,both_modalities_degraded,0.0,20260808,3,0.6833068132400513,0.31669318675994873,0.9995,0.9995012468827931,0.9995,0.9994999992187488,0.040595270693302155,0.040595270693302155
stage3,4Nm,both_modalities_degraded,0.0,20260808,4,0.6834670305252075,0.3165329694747925,0.999,0.9990049751243781,0.999,0.998999993749961,0.04055481031537056,0.04055480659008026
stage3,4Nm,both_modalities_degraded,0.0,20260808,5,0.68329918384552,0.3167007267475128,0.9985,0.9985111662531019,0.9984999999999999,0.9984999789059532,0.04069192335009575,0.04069192335009575
stage3,4Nm,both_modalities_degraded,-2.0,20260808,1,0.6747214198112488,0.32527855038642883,0.9995,0.9995012468827931,0.9995,0.9994999992187488,0.041395388543605804,0.041395388543605804
stage3,4Nm,both_modalities_degraded,-2.0,20260808,2,0.6747365593910217,0.3252634108066559,1.0,1.0,1.0,1.0,0.04144218564033508,0.04144218564033508
stage3,4Nm,both_modalities_degraded,-2.0,20260808,3,0.6748366951942444,0.325163334608078,0.9995,0.9995012468827931,0.9995,0.9994999992187488,0.041233837604522705,0.041233837604522705
stage3,4Nm,both_modalities_degraded,-2.0,20260808,4,0.674706220626831,0.32529374957084656,0.9995,0.9995012468827931,0.9995,0.9994999992187488,0.041362591087818146,0.041362591087818146
stage3,4Nm,both_modalities_degraded,-2.0,20260808,5,0.6744734048843384,0.3255266547203064,0.999,0.9990012468827931,0.999,0.9989999992187488,0.041671983897686005,0.041671980172395706
stage3,4Nm,both_modalities_degraded,-4.0,20260808,1,0.6636214256286621,0.3363786041736603,1.0,1.0,1.0,1.0,0.04196754842996597,0.04196754842996597
stage3,4Nm,both_modalities_degraded,-4.0,20260808,2,0.6636281609535217,0.33637186884880066,1.0,1.0,1.0,1.0,0.04204287752509117,0.04204287752509117
stage3,4Nm,both_modalities_degraded,-4.0,20260808,3,0.6637917160987854,0.336208313703537,1.0,1.0,1.0,1.0,0.0419192910194397,0.0419192910194397
stage3,4Nm,both_modalities_degraded,-4.0,20260808,4,0.6633816957473755,0.3366182744503021,1.0,1.0,1.0,1.0,0.04179104045033455,0.04179104045033455
stage3,4Nm,both_modalities_degraded,-4.0,20260808,5,0.6637037396430969,0.33629631996154785,1.0,1.0,1.0,1.0,0.04207414761185646,0.04207414761185646
stage3,4Nm,both_modalities_degraded,-6.0,20260808,1,0.650382936000824,0.349617063999176,0.9975,0.9975308641975309,0.9974999999999999,0.9975036877557486,0.04137494042515755,0.041374944150447845
stage3,4Nm,both_modalities_degraded,-6.0,20260808,2,0.6507582664489746,0.3492417335510254,0.997,0.997018628939669,0.9970000000000001,0.9970012195387075,0.04118581861257553,0.04118581861257553
stage3,4Nm,both_modalities_degraded,-6.0,20260808,3,0.6502960324287415,0.34970399737358093,0.997,0.9970111662531018,0.9970000000000001,0.9969999789059534,0.0414530411362648,0.0414530448615551
stage3,4Nm,both_modalities_degraded,-6.0,20260808,4,0.6501402854919434,0.34985971450805664,0.998,0.9980124131358948,0.998,0.997999978124702,0.0410957857966423,0.041095782071352005
stage3,4Nm,both_modalities_degraded,-6.0,20260808,5,0.650719165802002,0.34928083419799805,0.997,0.9970123820718048,0.9970000000000001,0.9970024797497494,0.04095840826630592,0.04095841199159622
stage3,4Nm,both_modalities_degraded,-8.0,20260808,1,0.6347417235374451,0.36525827646255493,0.9745,0.9751559412907683,0.9744999999999999,0.9745643893760076,0.03827705606818199,0.03827705606818199
stage3,4Nm,both_modalities_degraded,-8.0,20260808,2,0.6351934671401978,0.364806592464447,0.9765,0.9773853398701444,0.9765,0.976500011620858,0.0385013073682785,0.0385013073682785
stage3,4Nm,both_modalities_degraded,-8.0,20260808,3,0.6351107954978943,0.3648892343044281,0.9835,0.9838972110583365,0.9835,0.9835313083052981,0.03851751610636711,0.03851751610636711
stage3,4Nm,both_modalities_degraded,-8.0,20260808,4,0.6352381706237793,0.3647618889808655,0.98,0.9807391697555632,0.9800000000000001,0.9800742105212137,0.038263559341430664,0.038263559341430664
stage3,4Nm,both_modalities_degraded,-8.0,20260808,5,0.6351863741874695,0.3648136258125305,0.984,0.9845217149456144,0.984,0.9840298933006231,0.038169752806425095,0.038169752806425095
stage3,4Nm,both_modalities_degraded,-10.0,20260808,1,0.6194226145744324,0.38057741522789,0.9155,0.9264704399666173,0.9155,0.916231065778299,0.033422719687223434,0.033422719687223434
stage3,4Nm,both_modalities_degraded,-10.0,20260808,2,0.6194448471069336,0.3805551826953888,0.9105,0.9192109922347251,0.9105000000000001,0.9109184226908311,0.03329881653189659,0.03329882025718689
stage3,4Nm,both_modalities_degraded,-10.0,20260808,3,0.6194193363189697,0.38058069348335266,0.9,0.9145639781823309,0.9,0.9008781101344235,0.03358326852321625,0.03358326852321625
stage3,4Nm,both_modalities_degraded,-10.0,20260808,4,0.6189040541648865,0.3810959756374359,0.9125,0.9237374647446135,0.9125,0.9135026361175237,0.033067211508750916,0.033067211508750916
stage3,4Nm,both_modalities_degraded,-10.0,20260808,5,0.6194721460342407,0.3805277943611145,0.908,0.9202698592240127,0.908,0.9089548207719049,0.03350796550512314,0.03350796550512314
stage3,4Nm,vibration_only_degraded,0.0,20260808,1,0.6832939386367798,0.3167060613632202,0.999,0.9990049751243781,0.999,0.998999993749961,0.04067181050777435,0.04067181050777435
stage3,4Nm,vibration_only_degraded,0.0,20260808,2,0.6834707260131836,0.3165293037891388,0.999,0.9990012468827931,0.999,0.9989999992187488,0.0405970960855484,0.0405970923602581
stage3,4Nm,vibration_only_degraded,0.0,20260808,3,0.6833068132400513,0.31669318675994873,0.9995,0.9995012468827931,0.9995,0.9994999992187488,0.040595270693302155,0.040595270693302155
stage3,4Nm,vibration_only_degraded,0.0,20260808,4,0.6834670305252075,0.3165329694747925,0.999,0.9990049751243781,0.999,0.998999993749961,0.04055481031537056,0.04055480659008026
stage3,4Nm,vibration_only_degraded,0.0,20260808,5,0.68329918384552,0.3167007267475128,0.9985,0.9985111662531019,0.9984999999999999,0.9984999789059532,0.04069192335009575,0.04069192335009575
stage3,4Nm,vibration_only_degraded,-2.0,20260808,1,0.6775302886962891,0.3224697411060333,0.9995,0.9995012468827931,0.9995,0.9994999992187488,0.04128291830420494,0.04128291830420494
stage3,4Nm,vibration_only_degraded,-2.0,20260808,2,0.6775399446487427,0.3224601149559021,1.0,1.0,1.0,1.0,0.041335951536893845,0.041335947811603546
stage3,4Nm,vibration_only_degraded,-2.0,20260808,3,0.6776411533355713,0.3223588466644287,0.9995,0.9995012468827931,0.9995,0.9994999992187488,0.04112807661294937,0.04112807661294937
stage3,4Nm,vibration_only_degraded,-2.0,20260808,4,0.6775097250938416,0.32249030470848083,0.9995,0.9995012468827931,0.9995,0.9994999992187488,0.04125378653407097,0.04125379025936127
stage3,4Nm,vibration_only_degraded,-2.0,20260808,5,0.6772770881652832,0.322722852230072,0.999,0.9990012468827931,0.999,0.9989999992187488,0.04156488925218582,0.04156488925218582
stage3,4Nm,vibration_only_degraded,-4.0,20260808,1,0.6699507832527161,0.33004918694496155,1.0,1.0,1.0,1.0,0.041687700897455215,0.041687704622745514
stage3,4Nm,vibration_only_degraded,-4.0,20260808,2,0.6699506640434265,0.3300492763519287,1.0,1.0,1.0,1.0,0.041771773248910904,0.041771773248910904
stage3,4Nm,vibration_only_degraded,-4.0,20260808,3,0.6701071262359619,0.3298928141593933,1.0,1.0,1.0,1.0,0.04165192320942879,0.04165192320942879
stage3,4Nm,vibration_only_degraded,-4.0,20260808,4,0.6697014570236206,0.3302985429763794,1.0,1.0,1.0,1.0,0.04152560606598854,0.04152560979127884
stage3,4Nm,vibration_only_degraded,-4.0,20260808,5,0.6700389981269836,0.32996100187301636,1.0,1.0,1.0,1.0,0.04179738089442253,0.04179738089442253
stage3,4Nm,vibration_only_degraded,-6.0,20260808,1,0.6604913473129272,0.33950871229171753,0.997,0.9970443349753694,0.9970000000000001,0.9970048879946415,0.040957700461149216,0.040957700461149216
stage3,4Nm,vibration_only_degraded,-6.0,20260808,2,0.6608690023422241,0.3391309678554535,0.9985,0.9985111662531019,0.9984999999999999,0.998501235968582,0.04075247421860695,0.04075247421860695
stage3,4Nm,vibration_only_degraded,-6.0,20260808,3,0.66042160987854,0.3395783603191376,0.9965,0.9965283516347168,0.9964999999999999,0.9965024346229164,0.04100777581334114,0.04100777581334114
stage3,4Nm,vibration_only_degraded,-6.0,20260808,4,0.6602526903152466,0.3397473692893982,0.998,0.9980074688899642,0.998,0.9980006171884351,0.040668100118637085,0.040668096393346786
stage3,4Nm,vibration_only_degraded,-6.0,20260808,5,0.6608304977416992,0.3391695022583008,0.996,0.9960320055666735,0.9960000000000001,0.9960049128564709,0.04052289202809334,0.04052289202809334
stage3,4Nm,vibration_only_degraded,-8.0,20260808,1,0.6480402946472168,0.3519597053527832,0.9475,0.9568380214956222,0.9475000000000001,0.9473704341133496,0.037841010838747025,0.037841010838747025
stage3,4Nm,vibration_only_degraded,-8.0,20260808,2,0.6484483480453491,0.35155171155929565,0.9545,0.9613225973216626,0.9545,0.9545647938574803,0.038067419081926346,0.038067419081926346
stage3,4Nm,vibration_only_degraded,-8.0,20260808,3,0.6483489871025085,0.35165101289749146,0.958,0.9647801203528757,0.958,0.9577968489085815,0.03808470070362091,0.03808470070362091
stage3,4Nm,vibration_only_degraded,-8.0,20260808,4,0.6484673023223877,0.3515326678752899,0.954,0.9618894633879224,0.9540000000000001,0.9539343323361619,0.03783492371439934,0.03783492371439934
stage3,4Nm,vibration_only_degraded,-8.0,20260808,5,0.6484081149101257,0.3515918552875519,0.9575,0.9646136582744613,0.9574999999999999,0.9574862100321824,0.03776044398546219,0.03776044026017189
stage3,4Nm,vibration_only_degraded,-10.0,20260808,1,0.6343275308609009,0.3656724989414215,0.8335,0.9006058567347663,0.8335000000000001,0.8270494401323834,0.0331634059548378,0.0331634059548378
stage3,4Nm,vibration_only_degraded,-10.0,20260808,2,0.6342393755912781,0.3657606244087219,0.8385,0.9041305567779025,0.8385,0.8312670127006742,0.03313521668314934,0.03313521668314934
stage3,4Nm,vibration_only_degraded,-10.0,20260808,3,0.6342153549194336,0.3657846748828888,0.8185,0.8867329206382815,0.8185,0.8070353937997229,0.03345585986971855,0.03345585986971855
stage3,4Nm,vibration_only_degraded,-10.0,20260808,4,0.6337997913360596,0.36620020866394043,0.829,0.8958523755161283,0.8290000000000001,0.8225754075658864,0.03283599019050598,0.03283599391579628
stage3,4Nm,vibration_only_degraded,-10.0,20260808,5,0.6343111395835876,0.36568889021873474,0.8355,0.9003747351747189,0.8355,0.8303516906788968,0.033320821821689606,0.033320821821689606
stage3,4Nm,current_only_degraded,0.0,20260808,1,0.6832939386367798,0.3167060613632202,0.999,0.9990049751243781,0.999,0.998999993749961,0.04067181050777435,0.04067181050777435
stage3,4Nm,current_only_degraded,0.0,20260808,2,0.6834707260131836,0.3165293037891388,0.999,0.9990012468827931,0.999,0.9989999992187488,0.0405970960855484,0.0405970923602581
stage3,4Nm,current_only_degraded,0.0,20260808,3,0.6833068132400513,0.31669318675994873,0.9995,0.9995012468827931,0.9995,0.9994999992187488,0.040595270693302155,0.040595270693302155
stage3,4Nm,current_only_degraded,0.0,20260808,4,0.6834670305252075,0.3165329694747925,0.999,0.9990049751243781,0.999,0.998999993749961,0.04055481031537056,0.04055480659008026
stage3,4Nm,current_only_degraded,0.0,20260808,5,0.68329918384552,0.3167007267475128,0.9985,0.9985111662531019,0.9984999999999999,0.9984999789059532,0.04069192335009575,0.04069192335009575
stage3,4Nm,current_only_degraded,-2.0,20260808,1,0.6805785894393921,0.31942135095596313,0.998,0.9980086536902878,0.998,0.99799998283575,0.04081125929951668,0.04081125929951668
stage3,4Nm,current_only_degraded,-2.0,20260808,2,0.6805717349052429,0.31942832469940186,0.9995,0.9995012468827931,0.9995,0.9994999992187488,0.04084259271621704,0.04084259271621704
stage3,4Nm,current_only_degraded,-2.0,20260808,3,0.6806643009185791,0.3193356990814209,0.9995,0.9995012468827931,0.9995,0.9994999992187488,0.040661636739969254,0.040661636739969254
stage3,4Nm,current_only_degraded,-2.0,20260808,4,0.6805537343025208,0.319446325302124,0.9985,0.998503721991546,0.9984999999999999,0.9984999953183376,0.04076592996716499,0.040765926241874695
stage3,4Nm,current_only_degraded,-2.0,20260808,5,0.6803545951843262,0.3196454346179962,0.998,0.9980124131358948,0.998,0.9979980889767625,0.0410224013030529,0.0410224013030529
stage3,4Nm,current_only_degraded,-4.0,20260808,1,0.6771245002746582,0.3228754997253418,0.998,0.998019801980198,0.998,0.99799994999875,0.04098326340317726,0.04098326712846756
stage3,4Nm,current_only_degraded,-4.0,20260808,2,0.6771641969680786,0.3228358328342438,0.9985,0.9985111662531019,0.9984999999999999,0.9984999789059532,0.04098574072122574,0.04098573699593544
stage3,4Nm,current_only_degraded,-4.0,20260808,3,0.6772934794425964,0.32270655035972595,0.999,0.9990049751243781,0.999,0.998999993749961,0.04079434648156166,0.04079434648156166
stage3,4Nm,current_only_degraded,-4.0,20260808,4,0.677073061466217,0.3229268789291382,0.999,0.9990049751243781,0.999,0.998999993749961,0.04078925773501396,0.04078925773501396
stage3,4Nm,current_only_degraded,-4.0,20260808,5,0.6772099733352661,0.3227899968624115,0.9985,0.9985111662531019,0.9984999999999999,0.9984999789059532,0.04097336158156395,0.04097336158156395
stage3,4Nm,current_only_degraded,-6.0,20260808,1,0.6736312508583069,0.3263687789440155,0.997,0.9970443349753694,0.9969999999999999,0.9969998312405073,0.04111430421471596,0.04111430421471596
stage3,4Nm,current_only_degraded,-6.0,20260808,2,0.6738492250442505,0.3261507451534271,0.9935,0.9937046004842616,0.9935,0.9934982831403918,0.04091222584247589,0.04091222584247589
stage3,4Nm,current_only_degraded,-6.0,20260808,3,0.6736324429512024,0.3263675570487976,0.9935,0.9937046004842616,0.9935,0.9934982831403918,0.04121212661266327,0.04121212661266327
stage3,4Nm,current_only_degraded,-6.0,20260808,4,0.6735823154449463,0.3264176547527313,0.9955,0.9955695255201317,0.9955,0.9954996278028293,0.04101135954260826,0.04101135954260826
stage3,4Nm,current_only_degraded,-6.0,20260808,5,0.6738579273223877,0.3261420726776123,0.9945,0.9946472019464719,0.9945,0.9944989599596173,0.040887512266635895,0.040887512266635895
stage3,4Nm,current_only_degraded,-8.0,20260808,1,0.6706649661064148,0.3293350338935852,0.983,0.9843317972350232,0.983,0.9829692381864744,0.041303835809230804,0.041303835809230804
stage3,4Nm,current_only_degraded,-8.0,20260808,2,0.6706613898277283,0.32933861017227173,0.9805,0.9822323462414578,0.9804999999999999,0.9804535466319175,0.04143107309937477,0.04143107309937477
stage3,4Nm,current_only_degraded,-8.0,20260808,3,0.6707386374473572,0.3292613625526428,0.9825,0.9839080459770114,0.9824999999999999,0.9824664396696804,0.04119962826371193,0.04119962826371193
stage3,4Nm,current_only_degraded,-8.0,20260808,4,0.6707978248596191,0.3292021155357361,0.9805,0.9822323462414578,0.9804999999999999,0.9804535466319175,0.04129285737872124,0.04129285737872124
stage3,4Nm,current_only_degraded,-8.0,20260808,5,0.6707938313484192,0.3292061686515808,0.9825,0.9839080459770114,0.9824999999999999,0.9824664396696804,0.04117429628968239,0.04117429628968239
stage3,4Nm,current_only_degraded,-10.0,20260808,1,0.6693329215049744,0.33066704869270325,0.9415,0.9547388781431334,0.9414999999999999,0.9402213916089611,0.04128066822886467,0.04128066822886467
stage3,4Nm,current_only_degraded,-10.0,20260808,2,0.669174313545227,0.33082568645477295,0.945,0.9561197707429429,0.945,0.9440099124272233,0.04119769483804703,0.04119769483804703
stage3,4Nm,current_only_degraded,-10.0,20260808,3,0.6691728830337524,0.33082711696624756,0.9495,0.9596806387225548,0.9495000000000001,0.9486820398254047,0.04131443426012993,0.04131443798542023
stage3,4Nm,current_only_degraded,-10.0,20260808,4,0.669074296951294,0.33092573285102844,0.9485,0.9590457256461233,0.9484999999999999,0.9476319172025021,0.04126143455505371,0.04126143455505371
stage3,4Nm,current_only_degraded,-10.0,20260808,5,0.6692419648170471,0.33075806498527527,0.9445,0.9561754598746715,0.9445,0.9434465112688073,0.041198331862688065,0.041198328137397766
