case,load,n_train,seed,snr_db,method,accuracy,macro_precision,macro_recall,macro_f1
UO,held-out,5,20260806,,TF-SVM early fusion,0.8108499095840868,0.832887709881755,0.8108499095840868,0.8119491850370418
UO,held-out,5,20260806,,TF-SVM late fusion,0.8864376130198915,0.8967923976724211,0.8864376130198914,0.8856820247778016
UO,held-out,10,20260806,,TF-SVM early fusion,0.958974358974359,0.9602403694821298,0.958974358974359,0.9589411157878815
UO,held-out,10,20260806,,TF-SVM late fusion,0.9846153846153847,0.9848495358369,0.9846153846153847,0.9845060765605258
UO,held-out,15,20260806,,TF-SVM early fusion,0.9907235621521335,0.9909820333548207,0.9907235621521335,0.9907475130413629
UO,held-out,15,20260806,,TF-SVM late fusion,0.9951762523191094,0.9952139978434305,0.9951762523191094,0.9951804291585217
UO,held-out,20,20260806,,TF-SVM early fusion,0.9951127819548872,0.9951541780757884,0.9951127819548873,0.9951100877910788
UO,held-out,20,20260806,,TF-SVM late fusion,0.9943609022556391,0.9943891175097258,0.9943609022556391,0.9943522950786255
UO,held-out,25,20260806,,TF-SVM early fusion,0.9977142857142857,0.9977324263038548,0.9977142857142856,0.9977137350605156
UO,held-out,25,20260806,,TF-SVM late fusion,0.9950476190476191,0.995066603834177,0.9950476190476191,0.9950408935082312
UO,held-out,30,20260806,,TF-SVM early fusion,0.9961389961389961,0.9961770341519618,0.9961389961389961,0.9961404509071039
UO,held-out,30,20260806,,TF-SVM late fusion,0.9953667953667954,0.9953842066912558,0.9953667953667953,0.9953630413012275
UO,held-out,5,20260807,,TF-SVM early fusion,0.9099457504520796,0.9238573539132429,0.9099457504520796,0.9112772337586457
UO,held-out,5,20260807,,TF-SVM late fusion,0.9609403254972875,0.9639072432771301,0.9609403254972876,0.9610103520677091
UO,held-out,10,20260807,,TF-SVM early fusion,0.9575091575091575,0.9594580883184316,0.9575091575091575,0.9574916535847099
UO,held-out,10,20260807,,TF-SVM late fusion,0.9824175824175824,0.9830198375400426,0.9824175824175825,0.9824056266960695
UO,held-out,15,20260807,,TF-SVM early fusion,0.9940630797773655,0.9941013945429724,0.9940630797773655,0.9940530855181706
UO,held-out,15,20260807,,TF-SVM late fusion,0.9955473098330241,0.9955965554176733,0.9955473098330242,0.9955485465418921
UO,held-out,20,20260807,,TF-SVM early fusion,0.9932330827067669,0.9933329288434345,0.9932330827067669,0.9932197051035264
UO,held-out,20,20260807,,TF-SVM late fusion,0.9921052631578947,0.9923398785398548,0.9921052631578948,0.9921210336279536
UO,held-out,25,20260807,,TF-SVM early fusion,0.9973333333333333,0.9973462940930522,0.9973333333333334,0.99732918761279
UO,held-out,25,20260807,,TF-SVM late fusion,0.9969523809523809,0.9969564282192567,0.9969523809523809,0.9969533927637034
UO,held-out,30,20260807,,TF-SVM early fusion,0.9996138996138996,0.9996149403157489,0.9996138996138997,0.999613898908821
UO,held-out,30,20260807,,TF-SVM late fusion,0.9988416988416988,0.9988468911606029,0.9988416988416989,0.9988416924959598
UO,held-out,5,20260808,,TF-SVM early fusion,0.8307414104882459,0.8437851393045103,0.8307414104882459,0.8218523452499839
UO,held-out,5,20260808,,TF-SVM late fusion,0.8260397830018084,0.8447189113922289,0.8260397830018082,0.8192994372094845
UO,held-out,10,20260808,,TF-SVM early fusion,0.9494505494505494,0.9555438633645019,0.9494505494505495,0.9510210893630553
UO,held-out,10,20260808,,TF-SVM late fusion,0.9417582417582417,0.9443570880029741,0.9417582417582419,0.9412005397230218
UO,held-out,15,20260808,,TF-SVM early fusion,0.9903525046382189,0.9903467885844103,0.9903525046382189,0.9903310932061976
UO,held-out,15,20260808,,TF-SVM late fusion,0.975139146567718,0.9765003549204903,0.975139146567718,0.9747527658158411
UO,held-out,20,20260808,,TF-SVM early fusion,0.9932330827067669,0.9932484530760738,0.9932330827067669,0.9932073100362074
UO,held-out,20,20260808,,TF-SVM late fusion,0.9672932330827068,0.9695229413946297,0.9672932330827068,0.9667406697024667
UO,held-out,25,20260808,,TF-SVM early fusion,0.993904761904762,0.9939371160270364,0.993904761904762,0.9938838757613994
UO,held-out,25,20260808,,TF-SVM late fusion,0.9813333333333333,0.9824837737652611,0.9813333333333333,0.9811343916834511
UO,held-out,30,20260808,,TF-SVM early fusion,0.9953667953667954,0.9953838976622272,0.9953667953667954,0.9953608936167816
UO,held-out,30,20260808,,TF-SVM late fusion,0.9907335907335907,0.9910314471022342,0.9907335907335908,0.9907112001695729
UO,held-out,5,20260809,,TF-SVM early fusion,0.9334538878842676,0.9333063362006673,0.9334538878842676,0.9326927417096907
UO,held-out,5,20260809,,TF-SVM late fusion,0.9453887884267631,0.9458623934583047,0.9453887884267631,0.9450466633007694
UO,held-out,10,20260809,,TF-SVM early fusion,0.9619047619047619,0.9639145106697308,0.9619047619047619,0.9614435291497242
UO,held-out,10,20260809,,TF-SVM late fusion,0.9663003663003663,0.9682576168327054,0.9663003663003664,0.9658769559700623
UO,held-out,15,20260809,,TF-SVM early fusion,0.9803339517625231,0.9809620711220679,0.980333951762523,0.9804580739932643
UO,held-out,15,20260809,,TF-SVM late fusion,0.9821892393320965,0.982808126160543,0.9821892393320963,0.982145115990339
UO,held-out,20,20260809,,TF-SVM early fusion,0.9890977443609023,0.9891376554484762,0.9890977443609023,0.9891055015246878
UO,held-out,20,20260809,,TF-SVM late fusion,0.9958646616541353,0.9958762003593125,0.9958646616541353,0.9958586245141455
UO,held-out,25,20260809,,TF-SVM early fusion,0.9969523809523809,0.9969655253037499,0.9969523809523809,0.996956428891103
UO,held-out,25,20260809,,TF-SVM late fusion,0.9984761904761905,0.9984802431610943,0.9984761904761905,0.9984751637327319
UO,held-out,30,20260809,,TF-SVM early fusion,0.9957528957528957,0.9957695134114576,0.9957528957528959,0.9957586153740119
UO,held-out,30,20260809,,TF-SVM late fusion,0.9980694980694981,0.9980725920167386,0.9980694980694981,0.9980684453812493
UO,held-out,5,20260810,,TF-SVM early fusion,0.7685352622061483,0.8406269812674705,0.7685352622061483,0.7594336037649694
UO,held-out,5,20260810,,TF-SVM late fusion,0.7768535262206149,0.8511102518824475,0.7768535262206149,0.7646361857185485
UO,held-out,10,20260810,,TF-SVM early fusion,0.9747252747252747,0.9750092258119479,0.9747252747252748,0.9746843838024912
UO,held-out,10,20260810,,TF-SVM late fusion,0.9468864468864469,0.9529554140888933,0.946886446886447,0.9463607829071119
UO,held-out,15,20260810,,TF-SVM early fusion,0.9899814471243042,0.9904089494431544,0.9899814471243042,0.990058055813653
UO,held-out,15,20260810,,TF-SVM late fusion,0.9918367346938776,0.9918757442397161,0.9918367346938776,0.9918404211305384
UO,held-out,20,20260810,,TF-SVM early fusion,0.9966165413533835,0.9966262382145841,0.9966165413533835,0.9966160148839932
UO,held-out,20,20260810,,TF-SVM late fusion,0.9951127819548872,0.9951312421067977,0.9951127819548873,0.9951032045307339
UO,held-out,25,20260810,,TF-SVM early fusion,0.9965714285714286,0.9965823797718282,0.9965714285714286,0.9965693507949889
UO,held-out,25,20260810,,TF-SVM late fusion,0.9942857142857143,0.9944071529254108,0.9942857142857143,0.9942790857626814
UO,held-out,30,20260810,,TF-SVM early fusion,0.9965250965250966,0.9965333379824244,0.9965250965250966,0.9965229805664697
UO,held-out,30,20260810,,TF-SVM late fusion,0.9953667953667954,0.9954190426113325,0.9953667953667954,0.9953617898749295
UO,held-out,5,20260811,,TF-SVM early fusion,0.9573236889692586,0.9585851435457204,0.9573236889692586,0.9566148351574437
UO,held-out,5,20260811,,TF-SVM late fusion,0.9352622061482821,0.9403698495644701,0.9352622061482821,0.9305381553346133
UO,held-out,10,20260811,,TF-SVM early fusion,0.9930402930402931,0.9931052919724239,0.9930402930402931,0.9930407662755975
UO,held-out,10,20260811,,TF-SVM late fusion,0.9875457875457876,0.9878969500095635,0.9875457875457876,0.9875260388303909
UO,held-out,15,20260811,,TF-SVM early fusion,0.9940630797773655,0.9941489727204013,0.9940630797773655,0.9940621774600782
UO,held-out,15,20260811,,TF-SVM late fusion,0.9873840445269016,0.9875531829630383,0.9873840445269016,0.9873345203640562
UO,held-out,20,20260811,,TF-SVM early fusion,0.9947368421052631,0.9948109021434578,0.9947368421052631,0.9947330277505796
UO,held-out,20,20260811,,TF-SVM late fusion,0.9943609022556391,0.9943852090436736,0.9943609022556392,0.9943588180793453
UO,held-out,25,20260811,,TF-SVM early fusion,0.9950476190476191,0.9951145934320321,0.9950476190476191,0.995045810126124
UO,held-out,25,20260811,,TF-SVM late fusion,0.9916190476190476,0.9917066116576452,0.9916190476190476,0.991605606137194
UO,held-out,30,20260811,,TF-SVM early fusion,0.9961389961389961,0.9961678130515432,0.9961389961389961,0.996137863894152
UO,held-out,30,20260811,,TF-SVM late fusion,0.9934362934362935,0.9935129748902124,0.9934362934362936,0.9934358922183645
UO,held-out,5,20260812,,TF-SVM early fusion,0.969258589511754,0.971892016842712,0.969258589511754,0.9691615212453601
UO,held-out,5,20260812,,TF-SVM late fusion,0.9743218806509946,0.9769362400097575,0.9743218806509946,0.974224931431138
UO,held-out,10,20260812,,TF-SVM early fusion,0.9908424908424909,0.9910762594166782,0.9908424908424909,0.9908545232931758
UO,held-out,10,20260812,,TF-SVM late fusion,0.995970695970696,0.995991105681819,0.995970695970696,0.9959725215465032
UO,held-out,15,20260812,,TF-SVM early fusion,0.9881261595547309,0.9886280564295785,0.9881261595547309,0.9881423905113891
UO,held-out,15,20260812,,TF-SVM late fusion,0.9948051948051948,0.9948563334485977,0.9948051948051947,0.9948015379629059
UO,held-out,20,20260812,,TF-SVM early fusion,0.9969924812030075,0.9970257269772376,0.9969924812030075,0.9969953797305033
UO,held-out,20,20260812,,TF-SVM late fusion,0.9954887218045113,0.9955402423866573,0.9954887218045113,0.9954889860480133
UO,held-out,25,20260812,,TF-SVM early fusion,0.9980952380952381,0.998108350325099,0.998095238095238,0.9980952143912033
UO,held-out,25,20260812,,TF-SVM late fusion,0.9958095238095238,0.9959094856511269,0.9958095238095239,0.9958088457631755
UO,held-out,30,20260812,,TF-SVM early fusion,0.9980694980694981,0.9980829657816599,0.998069498069498,0.9980694733914349
UO,held-out,30,20260812,,TF-SVM late fusion,0.9992277992277993,0.999231950844854,0.9992277992277993,0.9992277935871388
UO,held-out,5,20260813,,TF-SVM early fusion,0.8376130198915009,0.8622554909915042,0.8376130198915008,0.8301289537773942
UO,held-out,5,20260813,,TF-SVM late fusion,0.8462929475587704,0.8732698809263822,0.8462929475587703,0.8373195999786974
UO,held-out,10,20260813,,TF-SVM early fusion,0.9805860805860805,0.9815139142866205,0.9805860805860807,0.9806398557355712
UO,held-out,10,20260813,,TF-SVM late fusion,0.9901098901098901,0.9901269555197673,0.9901098901098901,0.9901036056211839
UO,held-out,15,20260813,,TF-SVM early fusion,0.9877551020408163,0.9880310377701166,0.9877551020408164,0.9877569075412568
UO,held-out,15,20260813,,TF-SVM late fusion,0.9888682745825603,0.9889094372244915,0.9888682745825602,0.9888399781092335
UO,held-out,20,20260813,,TF-SVM early fusion,0.9921052631578947,0.9922092426337311,0.9921052631578947,0.9921107740721918
UO,held-out,20,20260813,,TF-SVM late fusion,0.9939849624060151,0.9940498540034882,0.993984962406015,0.9939816421347549
UO,held-out,25,20260813,,TF-SVM early fusion,0.9988571428571429,0.9988662131519275,0.9988571428571429,0.998857124571136
UO,held-out,25,20260813,,TF-SVM late fusion,0.993904761904762,0.9939335725244342,0.993904761904762,0.9939025668793807
UO,held-out,30,20260813,,TF-SVM early fusion,0.9988416988416988,0.9988468911606029,0.9988416988416988,0.9988416924959598
UO,held-out,30,20260813,,TF-SVM late fusion,0.9942084942084942,0.9942791344800455,0.9942084942084942,0.9942018451585204
UO,held-out,5,20260814,,TF-SVM early fusion,0.9696202531645569,0.9719490653146289,0.9696202531645569,0.969887366814019
UO,held-out,5,20260814,,TF-SVM late fusion,0.98625678119349,0.9864140340326186,0.9862567811934901,0.9862801272592214
UO,held-out,10,20260814,,TF-SVM early fusion,0.9967032967032967,0.9967219664879844,0.9967032967032967,0.9967051371922829
UO,held-out,10,20260814,,TF-SVM late fusion,0.9926739926739927,0.9927148382943933,0.9926739926739927,0.9926728186055643
UO,held-out,15,20260814,,TF-SVM early fusion,0.9985157699443413,0.9985310319500551,0.9985157699443414,0.9985171869046058
UO,held-out,15,20260814,,TF-SVM late fusion,0.9966604823747681,0.9966652487647342,0.9966604823747681,0.9966590216589478
UO,held-out,20,20260814,,TF-SVM early fusion,0.9988721804511278,0.9988751250683313,0.9988721804511279,0.9988721765510536
UO,held-out,20,20260814,,TF-SVM late fusion,0.9973684210526316,0.9973792233788863,0.9973684210526317,0.9973669051119096
UO,held-out,25,20260814,,TF-SVM early fusion,0.9992380952380953,0.9992391084093212,0.9992380952380951,0.9992380945608453
UO,held-out,25,20260814,,TF-SVM late fusion,0.9969523809523809,0.9969584005098474,0.996952380952381,0.9969513461090431
UO,held-out,30,20260814,,TF-SVM early fusion,0.9984555984555985,0.9984597444319928,0.9984555984555985,0.9984555935257492
UO,held-out,30,20260814,,TF-SVM late fusion,0.9957528957528957,0.9957704699558402,0.9957528957528956,0.9957496916273082
UO,held-out,5,20260815,,TF-SVM early fusion,0.8690777576853527,0.9057518696180978,0.8690777576853526,0.8676418720810414
UO,held-out,5,20260815,,TF-SVM late fusion,0.8940325497287522,0.9194537404592934,0.8940325497287523,0.8921913657792915
UO,held-out,10,20260815,,TF-SVM early fusion,0.9655677655677656,0.9680242610032437,0.9655677655677656,0.9659119807744405
UO,held-out,10,20260815,,TF-SVM late fusion,0.9622710622710623,0.9652428611153706,0.9622710622710624,0.9624532484090313
UO,held-out,15,20260815,,TF-SVM early fusion,0.9810760667903525,0.9821385045793595,0.9810760667903525,0.981148283576837
UO,held-out,15,20260815,,TF-SVM late fusion,0.9844155844155844,0.9845121668875689,0.9844155844155844,0.9843263250925313
UO,held-out,20,20260815,,TF-SVM early fusion,0.9898496240601504,0.9902718982398341,0.9898496240601504,0.989899285270476
UO,held-out,20,20260815,,TF-SVM late fusion,0.9932330827067669,0.9932950970092843,0.9932330827067669,0.9932240909738346
UO,held-out,25,20260815,,TF-SVM early fusion,0.9893333333333333,0.9896965146860847,0.9893333333333334,0.9893578921722338
UO,held-out,25,20260815,,TF-SVM late fusion,0.9969523809523809,0.9969644691749602,0.9969523809523809,0.9969513393417745
UO,held-out,30,20260815,,TF-SVM early fusion,0.9984555984555985,0.9984597500726533,0.9984555984555985,0.9984555928149381
UO,held-out,30,20260815,,TF-SVM late fusion,0.9972972972972973,0.997307670699274,0.9972972972972973,0.9972972775377575
KAIST,2Nm,5,20260806,0.0,TF-SVM early fusion,0.5705,0.6061382241002657,0.5705,0.5781199747112061
KAIST,2Nm,5,20260806,0.0,TF-SVM late fusion,0.81,0.8259395521014061,0.8099999999999999,0.806887530163141
KAIST,4Nm,5,20260806,0.0,TF-SVM early fusion,0.516,0.5735585410612243,0.516,0.5337869950847953
KAIST,4Nm,5,20260806,0.0,TF-SVM late fusion,0.74,0.779027265597048,0.74,0.740702071144572
KAIST,2Nm,10,20260806,0.0,TF-SVM early fusion,0.858,0.8653883993013375,0.858,0.858651290585945
KAIST,2Nm,10,20260806,0.0,TF-SVM late fusion,0.9535,0.9564578679706127,0.9535,0.9535729176714746
KAIST,4Nm,10,20260806,0.0,TF-SVM early fusion,0.7735,0.8136864984298129,0.7735000000000001,0.7823077547530944
KAIST,4Nm,10,20260806,0.0,TF-SVM late fusion,0.917,0.925310543930777,0.9170000000000001,0.9181654268635032
KAIST,2Nm,15,20260806,0.0,TF-SVM early fusion,0.881,0.886759734361308,0.881,0.8800224383587661
KAIST,2Nm,15,20260806,0.0,TF-SVM late fusion,0.9625,0.9647430559766376,0.9625,0.962406869129126
KAIST,4Nm,15,20260806,0.0,TF-SVM early fusion,0.7875,0.8278437243228023,0.7875,0.795731918533081
KAIST,4Nm,15,20260806,0.0,TF-SVM late fusion,0.9535,0.9570159134675263,0.9535,0.9539718440738646
KAIST,2Nm,20,20260806,0.0,TF-SVM early fusion,0.911,0.9098971017926243,0.9109999999999999,0.9102054868159091
KAIST,2Nm,20,20260806,0.0,TF-SVM late fusion,0.966,0.9690804317709343,0.966,0.9657388197537768
KAIST,4Nm,20,20260806,0.0,TF-SVM early fusion,0.864,0.8800738695699282,0.8640000000000001,0.8685610003796583
KAIST,4Nm,20,20260806,0.0,TF-SVM late fusion,0.934,0.9462545313384887,0.9339999999999999,0.9353328188905292
KAIST,2Nm,25,20260806,0.0,TF-SVM early fusion,0.9335,0.9356321130707815,0.9335000000000001,0.9339069551326397
KAIST,2Nm,25,20260806,0.0,TF-SVM late fusion,0.9785,0.9795647451190816,0.9785,0.9785270068239651
KAIST,4Nm,25,20260806,0.0,TF-SVM early fusion,0.8805,0.8989810995968828,0.8805,0.883188570251054
KAIST,4Nm,25,20260806,0.0,TF-SVM late fusion,0.9345,0.9475417644001315,0.9344999999999999,0.9358911132610943
KAIST,2Nm,30,20260806,0.0,TF-SVM early fusion,0.9225,0.9307860218259449,0.9225,0.9218672693568143
KAIST,2Nm,30,20260806,0.0,TF-SVM late fusion,0.9835,0.9841229515748887,0.9835,0.9835037319659644
KAIST,4Nm,30,20260806,0.0,TF-SVM early fusion,0.895,0.915944478827736,0.8949999999999999,0.8978817464527218
KAIST,4Nm,30,20260806,0.0,TF-SVM late fusion,0.9605,0.966254399399119,0.9605,0.9611096669769619
KAIST-noise,2Nm,30,20260806,0.0,TF-SVM early fusion,0.9225,0.9307860218259449,0.9225,0.9218672693568143
KAIST-noise,2Nm,30,20260806,0.0,TF-SVM late fusion,0.9835,0.9841229515748887,0.9835,0.9835037319659644
KAIST-noise,2Nm,30,20260806,-4.0,TF-SVM early fusion,0.2,0.04,0.2,0.06666666666666668
KAIST-noise,2Nm,30,20260806,-4.0,TF-SVM late fusion,0.2,0.04,0.2,0.06666666666666668
KAIST-noise,2Nm,30,20260806,-8.0,TF-SVM early fusion,0.2,0.04,0.2,0.06666666666666668
KAIST-noise,2Nm,30,20260806,-8.0,TF-SVM late fusion,0.2,0.04,0.2,0.06666666666666668
KAIST-noise,4Nm,30,20260806,0.0,TF-SVM early fusion,0.895,0.915944478827736,0.8949999999999999,0.8978817464527218
KAIST-noise,4Nm,30,20260806,0.0,TF-SVM late fusion,0.9605,0.966254399399119,0.9605,0.9611096669769619
KAIST-noise,4Nm,30,20260806,-4.0,TF-SVM early fusion,0.2,0.04,0.2,0.06666666666666668
KAIST-noise,4Nm,30,20260806,-4.0,TF-SVM late fusion,0.2,0.04,0.2,0.06666666666666668
KAIST-noise,4Nm,30,20260806,-8.0,TF-SVM early fusion,0.2,0.04,0.2,0.06666666666666668
KAIST-noise,4Nm,30,20260806,-8.0,TF-SVM late fusion,0.2,0.04,0.2,0.06666666666666668
KAIST,2Nm,5,20260807,0.0,TF-SVM early fusion,0.6845,0.6184303805955904,0.6845,0.6354116056898341
KAIST,2Nm,5,20260807,0.0,TF-SVM late fusion,0.8685,0.867647196019124,0.8685,0.8675925558725288
KAIST,4Nm,5,20260807,0.0,TF-SVM early fusion,0.627,0.5840102412750718,0.627,0.5888954469563586
KAIST,4Nm,5,20260807,0.0,TF-SVM late fusion,0.8,0.8212616281034864,0.8,0.8027234232917632
KAIST,2Nm,10,20260807,0.0,TF-SVM early fusion,0.845,0.8453332681858688,0.8450000000000001,0.8436767152936856
KAIST,2Nm,10,20260807,0.0,TF-SVM late fusion,0.961,0.9620430048356365,0.961,0.9607900817120344
KAIST,4Nm,10,20260807,0.0,TF-SVM early fusion,0.789,0.8075225128759792,0.7889999999999999,0.7950786979856156
KAIST,4Nm,10,20260807,0.0,TF-SVM late fusion,0.9285,0.9314974295477672,0.9285,0.9287381419407646
KAIST,2Nm,15,20260807,0.0,TF-SVM early fusion,0.8795,0.889544776293446,0.8795,0.8813242955159591
KAIST,2Nm,15,20260807,0.0,TF-SVM late fusion,0.979,0.9794041149211783,0.9790000000000001,0.9789579790855676
KAIST,4Nm,15,20260807,0.0,TF-SVM early fusion,0.792,0.8474510499755237,0.792,0.8033603090954694
KAIST,4Nm,15,20260807,0.0,TF-SVM late fusion,0.941,0.9506212886760819,0.9410000000000001,0.9422029164584538
KAIST,2Nm,20,20260807,0.0,TF-SVM early fusion,0.927,0.9275580340567633,0.9269999999999999,0.9267303889694427
KAIST,2Nm,20,20260807,0.0,TF-SVM late fusion,0.972,0.9721889559459044,0.9719999999999999,0.9719290293786544
KAIST,4Nm,20,20260807,0.0,TF-SVM early fusion,0.869,0.8882316178494017,0.8690000000000001,0.8734488660148635
KAIST,4Nm,20,20260807,0.0,TF-SVM late fusion,0.955,0.9584664726154601,0.9550000000000001,0.9554694106691649
KAIST,2Nm,25,20260807,0.0,TF-SVM early fusion,0.9255,0.9262549180013263,0.9254999999999999,0.925457864141562
KAIST,2Nm,25,20260807,0.0,TF-SVM late fusion,0.992,0.9920098376524251,0.9920000000000002,0.9920018343776906
KAIST,4Nm,25,20260807,0.0,TF-SVM early fusion,0.872,0.8888479556945803,0.8720000000000001,0.8750218928537359
KAIST,4Nm,25,20260807,0.0,TF-SVM late fusion,0.948,0.9569197550417062,0.9480000000000001,0.947576372526665
KAIST,2Nm,30,20260807,0.0,TF-SVM early fusion,0.9385,0.9430839742038796,0.9385,0.9376392414863972
KAIST,2Nm,30,20260807,0.0,TF-SVM late fusion,0.9955,0.9955012218826369,0.9955,0.9954999929687391
KAIST,4Nm,30,20260807,0.0,TF-SVM early fusion,0.8785,0.9085948727882108,0.8785000000000001,0.8841038937030531
KAIST,4Nm,30,20260807,0.0,TF-SVM late fusion,0.9675,0.9706716417910448,0.9675,0.9675386800378734
KAIST-noise,2Nm,30,20260807,0.0,TF-SVM early fusion,0.9385,0.9430839742038796,0.9385,0.9376392414863972
KAIST-noise,2Nm,30,20260807,0.0,TF-SVM late fusion,0.9955,0.9955012218826369,0.9955,0.9954999929687391
KAIST-noise,2Nm,30,20260807,-4.0,TF-SVM early fusion,0.2,0.04,0.2,0.06666666666666668
KAIST-noise,2Nm,30,20260807,-4.0,TF-SVM late fusion,0.2,0.04,0.2,0.06666666666666668
KAIST-noise,2Nm,30,20260807,-8.0,TF-SVM early fusion,0.2,0.04,0.2,0.06666666666666668
KAIST-noise,2Nm,30,20260807,-8.0,TF-SVM late fusion,0.2,0.04,0.2,0.06666666666666668
KAIST-noise,4Nm,30,20260807,0.0,TF-SVM early fusion,0.8785,0.9085948727882108,0.8785000000000001,0.8841038937030531
KAIST-noise,4Nm,30,20260807,0.0,TF-SVM late fusion,0.9675,0.9706716417910448,0.9675,0.9675386800378734
KAIST-noise,4Nm,30,20260807,-4.0,TF-SVM early fusion,0.2,0.04,0.2,0.06666666666666668
KAIST-noise,4Nm,30,20260807,-4.0,TF-SVM late fusion,0.2,0.04,0.2,0.06666666666666668
KAIST-noise,4Nm,30,20260807,-8.0,TF-SVM early fusion,0.2,0.04,0.2,0.06666666666666668
KAIST-noise,4Nm,30,20260807,-8.0,TF-SVM late fusion,0.2,0.04,0.2,0.06666666666666668
KAIST,2Nm,5,20260808,0.0,TF-SVM early fusion,0.51,0.4403380726862484,0.51,0.4571166371927869
KAIST,2Nm,5,20260808,0.0,TF-SVM late fusion,0.903,0.9069151083638449,0.9030000000000001,0.9024451815752496
KAIST,4Nm,5,20260808,0.0,TF-SVM early fusion,0.5115,0.44116617330053354,0.5115000000000001,0.4610815292073135
KAIST,4Nm,5,20260808,0.0,TF-SVM late fusion,0.836,0.8576652787099324,0.836,0.8374096608003121
KAIST,2Nm,10,20260808,0.0,TF-SVM early fusion,0.8335,0.8436942423849544,0.8334999999999999,0.8309046101035718
KAIST,2Nm,10,20260808,0.0,TF-SVM late fusion,0.962,0.9661460285413067,0.9620000000000001,0.9618196801498824
KAIST,4Nm,10,20260808,0.0,TF-SVM early fusion,0.7795,0.8132151745941816,0.7795,0.7831922525564315
KAIST,4Nm,10,20260808,0.0,TF-SVM late fusion,0.923,0.930148694653408,0.923,0.922593741126839
KAIST,2Nm,15,20260808,0.0,TF-SVM early fusion,0.8995,0.8995039118576417,0.8995000000000001,0.8992657193965489
KAIST,2Nm,15,20260808,0.0,TF-SVM late fusion,0.9635,0.9638161644898486,0.9635,0.9633642797225516
KAIST,4Nm,15,20260808,0.0,TF-SVM early fusion,0.835,0.858341205912547,0.835,0.8403232297427877
KAIST,4Nm,15,20260808,0.0,TF-SVM late fusion,0.931,0.9388596143313123,0.931,0.9324363842368573
KAIST,2Nm,20,20260808,0.0,TF-SVM early fusion,0.9055,0.908486290936786,0.9055,0.9045272994924576
KAIST,2Nm,20,20260808,0.0,TF-SVM late fusion,0.9865,0.9865040425964062,0.9865,0.9864793504942189
KAIST,4Nm,20,20260808,0.0,TF-SVM early fusion,0.8445,0.8655730789732654,0.8445,0.8491238511508243
KAIST,4Nm,20,20260808,0.0,TF-SVM late fusion,0.9445,0.9530294392495332,0.9445,0.9450523758447664
KAIST,2Nm,25,20260808,0.0,TF-SVM early fusion,0.94,0.9448896772386096,0.9400000000000001,0.939889218399286
KAIST,2Nm,25,20260808,0.0,TF-SVM late fusion,0.9875,0.9878555186938531,0.9875,0.9875292614964433
KAIST,4Nm,25,20260808,0.0,TF-SVM early fusion,0.8885,0.909472922664048,0.8885,0.8924742994271266
KAIST,4Nm,25,20260808,0.0,TF-SVM late fusion,0.944,0.953972444517779,0.9440000000000002,0.9442749604154734
KAIST,2Nm,30,20260808,0.0,TF-SVM early fusion,0.948,0.9477946436380084,0.9480000000000001,0.9477136195509523
KAIST,2Nm,30,20260808,0.0,TF-SVM late fusion,0.99,0.9899998171427284,0.99,0.9899758096554061
KAIST,4Nm,30,20260808,0.0,TF-SVM early fusion,0.9315,0.9361399330076073,0.9315,0.9327872415550494
KAIST,4Nm,30,20260808,0.0,TF-SVM late fusion,0.9815,0.9823330157722028,0.9814999999999999,0.981564373861333
KAIST-noise,2Nm,30,20260808,0.0,TF-SVM early fusion,0.948,0.9477946436380084,0.9480000000000001,0.9477136195509523
KAIST-noise,2Nm,30,20260808,0.0,TF-SVM late fusion,0.99,0.9899998171427284,0.99,0.9899758096554061
KAIST-noise,2Nm,30,20260808,-4.0,TF-SVM early fusion,0.2,0.04,0.2,0.06666666666666668
KAIST-noise,2Nm,30,20260808,-4.0,TF-SVM late fusion,0.2,0.04,0.2,0.06666666666666668
KAIST-noise,2Nm,30,20260808,-8.0,TF-SVM early fusion,0.2,0.04,0.2,0.06666666666666668
KAIST-noise,2Nm,30,20260808,-8.0,TF-SVM late fusion,0.2,0.04,0.2,0.06666666666666668
KAIST-noise,4Nm,30,20260808,0.0,TF-SVM early fusion,0.9315,0.9361399330076073,0.9315,0.9327872415550494
KAIST-noise,4Nm,30,20260808,0.0,TF-SVM late fusion,0.9815,0.9823330157722028,0.9814999999999999,0.981564373861333
KAIST-noise,4Nm,30,20260808,-4.0,TF-SVM early fusion,0.2,0.04,0.2,0.06666666666666668
KAIST-noise,4Nm,30,20260808,-4.0,TF-SVM late fusion,0.2,0.04,0.2,0.06666666666666668
KAIST-noise,4Nm,30,20260808,-8.0,TF-SVM early fusion,0.2,0.04,0.2,0.06666666666666668
KAIST-noise,4Nm,30,20260808,-8.0,TF-SVM late fusion,0.2,0.04,0.2,0.06666666666666668
KAIST,2Nm,5,20260809,0.0,TF-SVM early fusion,0.4715,0.46329294241485197,0.4715,0.4665784565024028
KAIST,2Nm,5,20260809,0.0,TF-SVM late fusion,0.839,0.8592835160487287,0.8390000000000001,0.842024949362421
KAIST,4Nm,5,20260809,0.0,TF-SVM early fusion,0.4315,0.46414581974214497,0.43150000000000005,0.44392852992539494
KAIST,4Nm,5,20260809,0.0,TF-SVM late fusion,0.7525,0.812432611808245,0.7525000000000001,0.7571814780321059
KAIST,2Nm,10,20260809,0.0,TF-SVM early fusion,0.794,0.8155908734009826,0.794,0.7953951535112539
KAIST,2Nm,10,20260809,0.0,TF-SVM late fusion,0.9185,0.9258158531782185,0.9184999999999999,0.9188611867748001
KAIST,4Nm,10,20260809,0.0,TF-SVM early fusion,0.6835,0.7667171162020157,0.6835,0.6831531959807863
KAIST,4Nm,10,20260809,0.0,TF-SVM late fusion,0.8435,0.8772053667226786,0.8435,0.8382718060318488
KAIST,2Nm,15,20260809,0.0,TF-SVM early fusion,0.86,0.8640122813960035,0.86,0.861554852250778
KAIST,2Nm,15,20260809,0.0,TF-SVM late fusion,0.934,0.9348354453420893,0.9339999999999999,0.9341717119450681
KAIST,4Nm,15,20260809,0.0,TF-SVM early fusion,0.7635,0.8065111110923244,0.7635,0.7711076818105405
KAIST,4Nm,15,20260809,0.0,TF-SVM late fusion,0.882,0.8968072917921068,0.882,0.8856445000815725
KAIST,2Nm,20,20260809,0.0,TF-SVM early fusion,0.9095,0.9120676565612996,0.9095000000000001,0.908616014153678
KAIST,2Nm,20,20260809,0.0,TF-SVM late fusion,0.967,0.9680968807755457,0.967,0.9669574253050524
KAIST,4Nm,20,20260809,0.0,TF-SVM early fusion,0.8985,0.9003415354373997,0.8985,0.8990822351160113
KAIST,4Nm,20,20260809,0.0,TF-SVM late fusion,0.943,0.9503730682872821,0.943,0.9444915809997824
KAIST,2Nm,25,20260809,0.0,TF-SVM early fusion,0.9315,0.9318162396514407,0.9315,0.9312099273636407
KAIST,2Nm,25,20260809,0.0,TF-SVM late fusion,0.988,0.988032817161409,0.9880000000000001,0.987998502125323
KAIST,4Nm,25,20260809,0.0,TF-SVM early fusion,0.8855,0.9004666698608388,0.8855000000000001,0.8891647686661222
KAIST,4Nm,25,20260809,0.0,TF-SVM late fusion,0.944,0.9542593799341695,0.944,0.9452924679910772
KAIST,2Nm,30,20260809,0.0,TF-SVM early fusion,0.942,0.9425091581438945,0.942,0.9420521111763452
KAIST,2Nm,30,20260809,0.0,TF-SVM late fusion,0.99,0.9901021195037771,0.99,0.9899785271256558
KAIST,4Nm,30,20260809,0.0,TF-SVM early fusion,0.8805,0.9082155581238791,0.8805000000000002,0.8860246443747821
KAIST,4Nm,30,20260809,0.0,TF-SVM late fusion,0.935,0.9493670349591394,0.9349999999999999,0.9368911718710139
KAIST-noise,2Nm,30,20260809,0.0,TF-SVM early fusion,0.942,0.9425091581438945,0.942,0.9420521111763452
KAIST-noise,2Nm,30,20260809,0.0,TF-SVM late fusion,0.99,0.9901021195037771,0.99,0.9899785271256558
KAIST-noise,2Nm,30,20260809,-4.0,TF-SVM early fusion,0.2,0.04,0.2,0.06666666666666668
KAIST-noise,2Nm,30,20260809,-4.0,TF-SVM late fusion,0.2,0.04,0.2,0.06666666666666668
KAIST-noise,2Nm,30,20260809,-8.0,TF-SVM early fusion,0.2,0.04,0.2,0.06666666666666668
KAIST-noise,2Nm,30,20260809,-8.0,TF-SVM late fusion,0.2,0.04,0.2,0.06666666666666668
KAIST-noise,4Nm,30,20260809,0.0,TF-SVM early fusion,0.8805,0.9082155581238791,0.8805000000000002,0.8860246443747821
KAIST-noise,4Nm,30,20260809,0.0,TF-SVM late fusion,0.935,0.9493670349591394,0.9349999999999999,0.9368911718710139
KAIST-noise,4Nm,30,20260809,-4.0,TF-SVM early fusion,0.2,0.04,0.2,0.06666666666666668
KAIST-noise,4Nm,30,20260809,-4.0,TF-SVM late fusion,0.2,0.04,0.2,0.06666666666666668
KAIST-noise,4Nm,30,20260809,-8.0,TF-SVM early fusion,0.2,0.04,0.2,0.06666666666666668
KAIST-noise,4Nm,30,20260809,-8.0,TF-SVM late fusion,0.2,0.04,0.2,0.06666666666666668
KAIST,2Nm,5,20260810,0.0,TF-SVM early fusion,0.6905,0.7213102674607808,0.6904999999999999,0.6831490978454874
KAIST,2Nm,5,20260810,0.0,TF-SVM late fusion,0.826,0.8374724535927169,0.826,0.825077345462741
KAIST,4Nm,5,20260810,0.0,TF-SVM early fusion,0.6425,0.6681789901890405,0.6425,0.6405215584688373
KAIST,4Nm,5,20260810,0.0,TF-SVM late fusion,0.781,0.8130153528630689,0.781,0.7833337984728173
KAIST,2Nm,10,20260810,0.0,TF-SVM early fusion,0.6905,0.7169582694070106,0.6905,0.6979620088256648
KAIST,2Nm,10,20260810,0.0,TF-SVM late fusion,0.9385,0.9422964687849313,0.9385,0.9387695372328176
KAIST,4Nm,10,20260810,0.0,TF-SVM early fusion,0.6515,0.7124290597686114,0.6515000000000001,0.6721145832669988
KAIST,4Nm,10,20260810,0.0,TF-SVM late fusion,0.888,0.9177081895730236,0.8879999999999999,0.8917910123669104
KAIST,2Nm,15,20260810,0.0,TF-SVM early fusion,0.8355,0.8636747118846164,0.8355,0.8346577921739543
KAIST,2Nm,15,20260810,0.0,TF-SVM late fusion,0.9745,0.97625438316278,0.9745000000000001,0.974736824280166
KAIST,4Nm,15,20260810,0.0,TF-SVM early fusion,0.79,0.8363628110644816,0.7899999999999999,0.7949785299846978
KAIST,4Nm,15,20260810,0.0,TF-SVM late fusion,0.925,0.9450739898687728,0.925,0.9269530919996694
KAIST,2Nm,20,20260810,0.0,TF-SVM early fusion,0.8805,0.8869903366499902,0.8805,0.881580873780613
KAIST,2Nm,20,20260810,0.0,TF-SVM late fusion,0.9795,0.9802867711318415,0.9795,0.979546108765755
KAIST,4Nm,20,20260810,0.0,TF-SVM early fusion,0.8065,0.8479397511192138,0.8065,0.8147932382764
KAIST,4Nm,20,20260810,0.0,TF-SVM late fusion,0.933,0.9483513032122867,0.9330000000000002,0.9341927107047162
KAIST,2Nm,25,20260810,0.0,TF-SVM early fusion,0.9315,0.936082248597847,0.9315000000000001,0.9318732879544334
KAIST,2Nm,25,20260810,0.0,TF-SVM late fusion,0.9795,0.9796857341788592,0.9795,0.9794912262549156
KAIST,4Nm,25,20260810,0.0,TF-SVM early fusion,0.882,0.9106869286482164,0.882,0.8871228777570804
KAIST,4Nm,25,20260810,0.0,TF-SVM late fusion,0.966,0.9690852806550598,0.966,0.9665075624328432
KAIST,2Nm,30,20260810,0.0,TF-SVM early fusion,0.9355,0.9398705781929146,0.9355,0.9367398843295369
KAIST,2Nm,30,20260810,0.0,TF-SVM late fusion,0.9785,0.9799995317717622,0.9785,0.9787092229327182
KAIST,4Nm,30,20260810,0.0,TF-SVM early fusion,0.886,0.9137675362977256,0.8859999999999999,0.889861215518518
KAIST,4Nm,30,20260810,0.0,TF-SVM late fusion,0.932,0.9484658915664266,0.932,0.9324885501982376
KAIST-noise,2Nm,30,20260810,0.0,TF-SVM early fusion,0.9355,0.9398705781929146,0.9355,0.9367398843295369
KAIST-noise,2Nm,30,20260810,0.0,TF-SVM late fusion,0.9785,0.9799995317717622,0.9785,0.9787092229327182
KAIST-noise,2Nm,30,20260810,-4.0,TF-SVM early fusion,0.2,0.04,0.2,0.06666666666666668
KAIST-noise,2Nm,30,20260810,-4.0,TF-SVM late fusion,0.2,0.04,0.2,0.06666666666666668
KAIST-noise,2Nm,30,20260810,-8.0,TF-SVM early fusion,0.2,0.04,0.2,0.06666666666666668
KAIST-noise,2Nm,30,20260810,-8.0,TF-SVM late fusion,0.2,0.04,0.2,0.06666666666666668
KAIST-noise,4Nm,30,20260810,0.0,TF-SVM early fusion,0.886,0.9137675362977256,0.8859999999999999,0.889861215518518
KAIST-noise,4Nm,30,20260810,0.0,TF-SVM late fusion,0.932,0.9484658915664266,0.932,0.9324885501982376
KAIST-noise,4Nm,30,20260810,-4.0,TF-SVM early fusion,0.2,0.04,0.2,0.06666666666666668
KAIST-noise,4Nm,30,20260810,-4.0,TF-SVM late fusion,0.2,0.04,0.2,0.06666666666666668
KAIST-noise,4Nm,30,20260810,-8.0,TF-SVM early fusion,0.2,0.04,0.2,0.06666666666666668
KAIST-noise,4Nm,30,20260810,-8.0,TF-SVM late fusion,0.2,0.04,0.2,0.06666666666666668
KAIST,2Nm,5,20260811,0.0,TF-SVM early fusion,0.711,0.7567273942428865,0.7110000000000001,0.679400090087761
KAIST,2Nm,5,20260811,0.0,TF-SVM late fusion,0.802,0.8228777705181234,0.8020000000000002,0.7997319983534733
KAIST,4Nm,5,20260811,0.0,TF-SVM early fusion,0.638,0.7353560743898242,0.638,0.621887121654355
KAIST,4Nm,5,20260811,0.0,TF-SVM late fusion,0.7245,0.7987000616773142,0.7245,0.7295571010687453
KAIST,2Nm,10,20260811,0.0,TF-SVM early fusion,0.886,0.8930126724595914,0.8859999999999999,0.8866095710896023
KAIST,2Nm,10,20260811,0.0,TF-SVM late fusion,0.925,0.9303708788260044,0.9250000000000002,0.9246696414845754
KAIST,4Nm,10,20260811,0.0,TF-SVM early fusion,0.8085,0.8526740410272519,0.8085000000000001,0.817434898746348
KAIST,4Nm,10,20260811,0.0,TF-SVM late fusion,0.825,0.8817095991313746,0.825,0.8330073107025685
KAIST,2Nm,15,20260811,0.0,TF-SVM early fusion,0.8865,0.8925263509763681,0.8865000000000001,0.8872551576108115
KAIST,2Nm,15,20260811,0.0,TF-SVM late fusion,0.993,0.9930099750623441,0.993,0.9930031164052453
KAIST,4Nm,15,20260811,0.0,TF-SVM early fusion,0.823,0.8594936973016074,0.8230000000000001,0.8302750036877311
KAIST,4Nm,15,20260811,0.0,TF-SVM late fusion,0.908,0.9338838358478077,0.908,0.9109727836091437
KAIST,2Nm,20,20260811,0.0,TF-SVM early fusion,0.9125,0.9205823885086201,0.9125,0.9129064252060992
KAIST,2Nm,20,20260811,0.0,TF-SVM late fusion,0.9695,0.9717391196320566,0.9695,0.9695415432200374
KAIST,4Nm,20,20260811,0.0,TF-SVM early fusion,0.8395,0.883145678610795,0.8394999999999999,0.8465737888668258
KAIST,4Nm,20,20260811,0.0,TF-SVM late fusion,0.9225,0.9426495615438613,0.9225,0.9258973291645592
KAIST,2Nm,25,20260811,0.0,TF-SVM early fusion,0.946,0.947644727339851,0.9460000000000001,0.945600956382169
KAIST,2Nm,25,20260811,0.0,TF-SVM late fusion,0.982,0.9822356267024119,0.982,0.9819975860144623
KAIST,4Nm,25,20260811,0.0,TF-SVM early fusion,0.916,0.9193235430211816,0.916,0.9170982362329301
KAIST,4Nm,25,20260811,0.0,TF-SVM late fusion,0.9275,0.9452383991389546,0.9274999999999999,0.9305854586185655
KAIST,2Nm,30,20260811,0.0,TF-SVM early fusion,0.9395,0.9418043551895042,0.9395,0.9397349358991285
KAIST,2Nm,30,20260811,0.0,TF-SVM late fusion,0.9915,0.9915134547828647,0.9914999999999999,0.9914974375361936
KAIST,4Nm,30,20260811,0.0,TF-SVM early fusion,0.881,0.8937511963695842,0.881,0.8843613965031981
KAIST,4Nm,30,20260811,0.0,TF-SVM late fusion,0.963,0.9665057347520362,0.9629999999999999,0.9637296523924819
KAIST-noise,2Nm,30,20260811,0.0,TF-SVM early fusion,0.9395,0.9418043551895042,0.9395,0.9397349358991285
KAIST-noise,2Nm,30,20260811,0.0,TF-SVM late fusion,0.9915,0.9915134547828647,0.9914999999999999,0.9914974375361936
KAIST-noise,2Nm,30,20260811,-4.0,TF-SVM early fusion,0.2,0.04,0.2,0.06666666666666668
KAIST-noise,2Nm,30,20260811,-4.0,TF-SVM late fusion,0.2,0.04,0.2,0.06666666666666668
KAIST-noise,2Nm,30,20260811,-8.0,TF-SVM early fusion,0.2,0.04,0.2,0.06666666666666668
KAIST-noise,2Nm,30,20260811,-8.0,TF-SVM late fusion,0.2,0.04,0.2,0.06666666666666668
KAIST-noise,4Nm,30,20260811,0.0,TF-SVM early fusion,0.881,0.8937511963695842,0.881,0.8843613965031981
KAIST-noise,4Nm,30,20260811,0.0,TF-SVM late fusion,0.963,0.9665057347520362,0.9629999999999999,0.9637296523924819
KAIST-noise,4Nm,30,20260811,-4.0,TF-SVM early fusion,0.2,0.04,0.2,0.06666666666666668
KAIST-noise,4Nm,30,20260811,-4.0,TF-SVM late fusion,0.2,0.04,0.2,0.06666666666666668
KAIST-noise,4Nm,30,20260811,-8.0,TF-SVM early fusion,0.2,0.04,0.2,0.06666666666666668
KAIST-noise,4Nm,30,20260811,-8.0,TF-SVM late fusion,0.2,0.04,0.2,0.06666666666666668
KAIST,2Nm,5,20260812,0.0,TF-SVM early fusion,0.448,0.4549577948853307,0.44800000000000006,0.4497991269917502
KAIST,2Nm,5,20260812,0.0,TF-SVM late fusion,0.9455,0.948666167430489,0.9455,0.9456870186771154
KAIST,4Nm,5,20260812,0.0,TF-SVM early fusion,0.4225,0.44291734816204775,0.4225,0.429587435909876
KAIST,4Nm,5,20260812,0.0,TF-SVM late fusion,0.798,0.8720743062064003,0.7979999999999999,0.8039773362025592
KAIST,2Nm,10,20260812,0.0,TF-SVM early fusion,0.818,0.8238714721244843,0.8180000000000002,0.8186284461383719
KAIST,2Nm,10,20260812,0.0,TF-SVM late fusion,0.939,0.9411474622529898,0.9390000000000001,0.9396032468465771
KAIST,4Nm,10,20260812,0.0,TF-SVM early fusion,0.733,0.758304222640134,0.733,0.7402043916011014
KAIST,4Nm,10,20260812,0.0,TF-SVM late fusion,0.8565,0.8806414357396566,0.8565000000000002,0.8610387022060781
KAIST,2Nm,15,20260812,0.0,TF-SVM early fusion,0.8875,0.8928095884686403,0.8875,0.888209874791422
KAIST,2Nm,15,20260812,0.0,TF-SVM late fusion,0.972,0.9722338203678331,0.9720000000000001,0.9719915779230173
KAIST,4Nm,15,20260812,0.0,TF-SVM early fusion,0.7805,0.843790326424452,0.7805,0.7919171107845575
KAIST,4Nm,15,20260812,0.0,TF-SVM late fusion,0.9235,0.9357920230540483,0.9235,0.9255955916083656
KAIST,2Nm,20,20260812,0.0,TF-SVM early fusion,0.8975,0.9034954627962154,0.8975,0.898724216936874
KAIST,2Nm,20,20260812,0.0,TF-SVM late fusion,0.9835,0.9836887308420155,0.9834999999999999,0.9835088097090949
KAIST,4Nm,20,20260812,0.0,TF-SVM early fusion,0.8185,0.8692236148685701,0.8185,0.82784375448011
KAIST,4Nm,20,20260812,0.0,TF-SVM late fusion,0.947,0.955061973450837,0.9470000000000001,0.9485038725479497
KAIST,2Nm,25,20260812,0.0,TF-SVM early fusion,0.926,0.9259127314333264,0.9259999999999999,0.9255500891117755
KAIST,2Nm,25,20260812,0.0,TF-SVM late fusion,0.98,0.9804357961627785,0.9800000000000001,0.9799656176465079
KAIST,4Nm,25,20260812,0.0,TF-SVM early fusion,0.861,0.8738105973266848,0.861,0.8639850037508333
KAIST,4Nm,25,20260812,0.0,TF-SVM late fusion,0.9455,0.9515455254005001,0.9455,0.9465073021632907
KAIST,2Nm,30,20260812,0.0,TF-SVM early fusion,0.957,0.9575128687963177,0.9570000000000001,0.9569056143148206
KAIST,2Nm,30,20260812,0.0,TF-SVM late fusion,0.984,0.9844661654135338,0.984,0.9839912445278299
KAIST,4Nm,30,20260812,0.0,TF-SVM early fusion,0.9095,0.9214875163261498,0.9095000000000001,0.911586774560013
KAIST,4Nm,30,20260812,0.0,TF-SVM late fusion,0.9575,0.9627012859213867,0.9574999999999999,0.9584346624736746
KAIST-noise,2Nm,30,20260812,0.0,TF-SVM early fusion,0.957,0.9575128687963177,0.9570000000000001,0.9569056143148206
KAIST-noise,2Nm,30,20260812,0.0,TF-SVM late fusion,0.984,0.9844661654135338,0.984,0.9839912445278299
KAIST-noise,2Nm,30,20260812,-4.0,TF-SVM early fusion,0.2,0.04,0.2,0.06666666666666668
KAIST-noise,2Nm,30,20260812,-4.0,TF-SVM late fusion,0.2,0.04,0.2,0.06666666666666668
KAIST-noise,2Nm,30,20260812,-8.0,TF-SVM early fusion,0.2,0.04,0.2,0.06666666666666668
KAIST-noise,2Nm,30,20260812,-8.0,TF-SVM late fusion,0.2,0.04,0.2,0.06666666666666668
KAIST-noise,4Nm,30,20260812,0.0,TF-SVM early fusion,0.9095,0.9214875163261498,0.9095000000000001,0.911586774560013
KAIST-noise,4Nm,30,20260812,0.0,TF-SVM late fusion,0.9575,0.9627012859213867,0.9574999999999999,0.9584346624736746
KAIST-noise,4Nm,30,20260812,-4.0,TF-SVM early fusion,0.2,0.04,0.2,0.06666666666666668
KAIST-noise,4Nm,30,20260812,-4.0,TF-SVM late fusion,0.2,0.04,0.2,0.06666666666666668
KAIST-noise,4Nm,30,20260812,-8.0,TF-SVM early fusion,0.2,0.04,0.2,0.06666666666666668
KAIST-noise,4Nm,30,20260812,-8.0,TF-SVM late fusion,0.2,0.04,0.2,0.06666666666666668
KAIST,2Nm,5,20260813,0.0,TF-SVM early fusion,0.708,0.7355067072571329,0.708,0.6940813128203104
KAIST,2Nm,5,20260813,0.0,TF-SVM late fusion,0.9145,0.9167225779852508,0.9145,0.9138613576851233
KAIST,4Nm,5,20260813,0.0,TF-SVM early fusion,0.6805,0.7150247101161712,0.6805000000000001,0.6797404341312845
KAIST,4Nm,5,20260813,0.0,TF-SVM late fusion,0.8925,0.8991346459426399,0.8925000000000001,0.8937550918862203
KAIST,2Nm,10,20260813,0.0,TF-SVM early fusion,0.7905,0.7871652824947378,0.7905,0.7879265260196429
KAIST,2Nm,10,20260813,0.0,TF-SVM late fusion,0.8935,0.8975790691845574,0.8935000000000001,0.8940671950973658
KAIST,4Nm,10,20260813,0.0,TF-SVM early fusion,0.732,0.7441228948624516,0.732,0.7356147342501156
KAIST,4Nm,10,20260813,0.0,TF-SVM late fusion,0.8435,0.8665139813237493,0.8435,0.8492881387190254
KAIST,2Nm,15,20260813,0.0,TF-SVM early fusion,0.916,0.9151667084339226,0.916,0.914979866164497
KAIST,2Nm,15,20260813,0.0,TF-SVM late fusion,0.988,0.9882037666147647,0.9880000000000001,0.9880298604629505
KAIST,4Nm,15,20260813,0.0,TF-SVM early fusion,0.854,0.8722648594752694,0.8539999999999999,0.8580926719738995
KAIST,4Nm,15,20260813,0.0,TF-SVM late fusion,0.9315,0.9461177147459872,0.9315,0.933283311444437
KAIST,2Nm,20,20260813,0.0,TF-SVM early fusion,0.9125,0.911510314404836,0.9125,0.9119019125435959
KAIST,2Nm,20,20260813,0.0,TF-SVM late fusion,0.983,0.9831919668638708,0.983,0.9830063937511186
KAIST,4Nm,20,20260813,0.0,TF-SVM early fusion,0.863,0.8795967153502016,0.8630000000000001,0.868064967697131
KAIST,4Nm,20,20260813,0.0,TF-SVM late fusion,0.9555,0.9582462068173706,0.9555,0.9558387792156307
KAIST,2Nm,25,20260813,0.0,TF-SVM early fusion,0.9215,0.9216724246241463,0.9215,0.921143102195401
KAIST,2Nm,25,20260813,0.0,TF-SVM late fusion,0.9775,0.9774433645314584,0.9775,0.9774565347486103
KAIST,4Nm,25,20260813,0.0,TF-SVM early fusion,0.868,0.8848179524343085,0.868,0.8728895821411189
KAIST,4Nm,25,20260813,0.0,TF-SVM late fusion,0.937,0.9412141816684839,0.9369999999999999,0.9379254642805712
KAIST,2Nm,30,20260813,0.0,TF-SVM early fusion,0.9555,0.955361921676387,0.9555,0.9552146008751606
KAIST,2Nm,30,20260813,0.0,TF-SVM late fusion,0.9875,0.9875066731996988,0.9875,0.9874954043010735
KAIST,4Nm,30,20260813,0.0,TF-SVM early fusion,0.907,0.9150400795366866,0.907,0.9090636094131552
KAIST,4Nm,30,20260813,0.0,TF-SVM late fusion,0.947,0.952722024089175,0.9470000000000001,0.9475131759150844
KAIST-noise,2Nm,30,20260813,0.0,TF-SVM early fusion,0.9555,0.955361921676387,0.9555,0.9552146008751606
KAIST-noise,2Nm,30,20260813,0.0,TF-SVM late fusion,0.9875,0.9875066731996988,0.9875,0.9874954043010735
KAIST-noise,2Nm,30,20260813,-4.0,TF-SVM early fusion,0.2,0.04,0.2,0.06666666666666668
KAIST-noise,2Nm,30,20260813,-4.0,TF-SVM late fusion,0.2,0.04,0.2,0.06666666666666668
KAIST-noise,2Nm,30,20260813,-8.0,TF-SVM early fusion,0.2,0.04,0.2,0.06666666666666668
KAIST-noise,2Nm,30,20260813,-8.0,TF-SVM late fusion,0.2,0.04,0.2,0.06666666666666668
KAIST-noise,4Nm,30,20260813,0.0,TF-SVM early fusion,0.907,0.9150400795366866,0.907,0.9090636094131552
KAIST-noise,4Nm,30,20260813,0.0,TF-SVM late fusion,0.947,0.952722024089175,0.9470000000000001,0.9475131759150844
KAIST-noise,4Nm,30,20260813,-4.0,TF-SVM early fusion,0.2,0.04,0.2,0.06666666666666668
KAIST-noise,4Nm,30,20260813,-4.0,TF-SVM late fusion,0.2,0.04,0.2,0.06666666666666668
KAIST-noise,4Nm,30,20260813,-8.0,TF-SVM early fusion,0.2,0.04,0.2,0.06666666666666668
KAIST-noise,4Nm,30,20260813,-8.0,TF-SVM late fusion,0.2,0.04,0.2,0.06666666666666668
KAIST,2Nm,5,20260814,0.0,TF-SVM early fusion,0.7405,0.7581268500826234,0.7405,0.7397734254662804
KAIST,2Nm,5,20260814,0.0,TF-SVM late fusion,0.8575,0.8850885909136827,0.8575000000000002,0.8574587035212234
KAIST,4Nm,5,20260814,0.0,TF-SVM early fusion,0.6935,0.7227389326751184,0.6934999999999999,0.6993550312558592
KAIST,4Nm,5,20260814,0.0,TF-SVM late fusion,0.856,0.8689071108815426,0.8560000000000001,0.8580546727452546
KAIST,2Nm,10,20260814,0.0,TF-SVM early fusion,0.851,0.8566799475978891,0.851,0.8492089698444829
KAIST,2Nm,10,20260814,0.0,TF-SVM late fusion,0.9295,0.9415668508465211,0.9295,0.9282996878417883
KAIST,4Nm,10,20260814,0.0,TF-SVM early fusion,0.787,0.8071172881965814,0.7869999999999999,0.7910502803585244
KAIST,4Nm,10,20260814,0.0,TF-SVM late fusion,0.864,0.9131826576173866,0.8640000000000001,0.8704388978716103
KAIST,2Nm,15,20260814,0.0,TF-SVM early fusion,0.8885,0.8888673738784508,0.8885,0.8886634321807947
KAIST,2Nm,15,20260814,0.0,TF-SVM late fusion,0.9635,0.9654992424008164,0.9635,0.9636232969627908
KAIST,4Nm,15,20260814,0.0,TF-SVM early fusion,0.841,0.8540052777145437,0.841,0.8448147703004254
KAIST,4Nm,15,20260814,0.0,TF-SVM late fusion,0.9315,0.9379805805185415,0.9315000000000001,0.932557298726819
KAIST,2Nm,20,20260814,0.0,TF-SVM early fusion,0.921,0.9225110653044043,0.9209999999999999,0.9215326506593093
KAIST,2Nm,20,20260814,0.0,TF-SVM late fusion,0.9775,0.9775503651717375,0.9775,0.9774313054461927
KAIST,4Nm,20,20260814,0.0,TF-SVM early fusion,0.8665,0.8844815599272788,0.8664999999999999,0.8688371683333868
KAIST,4Nm,20,20260814,0.0,TF-SVM late fusion,0.947,0.950234118836045,0.9470000000000001,0.9474804031966242
KAIST,2Nm,25,20260814,0.0,TF-SVM early fusion,0.933,0.93421035846409,0.933,0.9329673073658986
KAIST,2Nm,25,20260814,0.0,TF-SVM late fusion,0.992,0.9920097746785584,0.992,0.9920005616311494
KAIST,4Nm,25,20260814,0.0,TF-SVM early fusion,0.891,0.905457722255402,0.891,0.8938845854464417
KAIST,4Nm,25,20260814,0.0,TF-SVM late fusion,0.964,0.9680076872830202,0.9640000000000001,0.9645503063962375
KAIST,2Nm,30,20260814,0.0,TF-SVM early fusion,0.9315,0.9319686945468731,0.9315,0.9308938141317448
KAIST,2Nm,30,20260814,0.0,TF-SVM late fusion,0.984,0.984061310486181,0.984,0.9839401420774332
KAIST,4Nm,30,20260814,0.0,TF-SVM early fusion,0.895,0.9060779683068187,0.8949999999999999,0.897677289941171
KAIST,4Nm,30,20260814,0.0,TF-SVM late fusion,0.9605,0.9658141834152122,0.9605,0.9614652704733372
KAIST-noise,2Nm,30,20260814,0.0,TF-SVM early fusion,0.9315,0.9319686945468731,0.9315,0.9308938141317448
KAIST-noise,2Nm,30,20260814,0.0,TF-SVM late fusion,0.984,0.984061310486181,0.984,0.9839401420774332
KAIST-noise,2Nm,30,20260814,-4.0,TF-SVM early fusion,0.2,0.04,0.2,0.06666666666666668
KAIST-noise,2Nm,30,20260814,-4.0,TF-SVM late fusion,0.2,0.04,0.2,0.06666666666666668
KAIST-noise,2Nm,30,20260814,-8.0,TF-SVM early fusion,0.2,0.04,0.2,0.06666666666666668
KAIST-noise,2Nm,30,20260814,-8.0,TF-SVM late fusion,0.2,0.04,0.2,0.06666666666666668
KAIST-noise,4Nm,30,20260814,0.0,TF-SVM early fusion,0.895,0.9060779683068187,0.8949999999999999,0.897677289941171
KAIST-noise,4Nm,30,20260814,0.0,TF-SVM late fusion,0.9605,0.9658141834152122,0.9605,0.9614652704733372
KAIST-noise,4Nm,30,20260814,-4.0,TF-SVM early fusion,0.2,0.04,0.2,0.06666666666666668
KAIST-noise,4Nm,30,20260814,-4.0,TF-SVM late fusion,0.2,0.04,0.2,0.06666666666666668
KAIST-noise,4Nm,30,20260814,-8.0,TF-SVM early fusion,0.2,0.04,0.2,0.06666666666666668
KAIST-noise,4Nm,30,20260814,-8.0,TF-SVM late fusion,0.2,0.04,0.2,0.06666666666666668
KAIST,2Nm,5,20260815,0.0,TF-SVM early fusion,0.7515,0.7512297860148212,0.7515,0.7489457054154357
KAIST,2Nm,5,20260815,0.0,TF-SVM late fusion,0.808,0.8263657458985083,0.808,0.8087777133626369
KAIST,4Nm,5,20260815,0.0,TF-SVM early fusion,0.6825,0.7087327510850215,0.6825,0.6884913532131474
KAIST,4Nm,5,20260815,0.0,TF-SVM late fusion,0.704,0.7408369128138981,0.7040000000000001,0.7014986097535589
KAIST,2Nm,10,20260815,0.0,TF-SVM early fusion,0.8575,0.863583926619565,0.8574999999999999,0.858781850413199
KAIST,2Nm,10,20260815,0.0,TF-SVM late fusion,0.963,0.9653253182461103,0.9629999999999999,0.9627526659509942
KAIST,4Nm,10,20260815,0.0,TF-SVM early fusion,0.771,0.8099143579635548,0.771,0.7763993545361765
KAIST,4Nm,10,20260815,0.0,TF-SVM late fusion,0.9335,0.9385003527029777,0.9335000000000001,0.9341349256745192
KAIST,2Nm,15,20260815,0.0,TF-SVM early fusion,0.898,0.9013822280494876,0.8979999999999999,0.8988852317741861
KAIST,2Nm,15,20260815,0.0,TF-SVM late fusion,0.979,0.9790985989459271,0.9789999999999999,0.978993441157798
KAIST,4Nm,15,20260815,0.0,TF-SVM early fusion,0.829,0.8610696404130109,0.8290000000000001,0.8367092934490727
KAIST,4Nm,15,20260815,0.0,TF-SVM late fusion,0.9305,0.9402530624988206,0.9305,0.9325422298622822
KAIST,2Nm,20,20260815,0.0,TF-SVM early fusion,0.9045,0.9099834747430607,0.9045,0.9042615251338763
KAIST,2Nm,20,20260815,0.0,TF-SVM late fusion,0.982,0.9821940268158242,0.982,0.9819956418179177
KAIST,4Nm,20,20260815,0.0,TF-SVM early fusion,0.8535,0.8850213430438547,0.8535,0.8596766084084798
KAIST,4Nm,20,20260815,0.0,TF-SVM late fusion,0.938,0.9481364586225354,0.9380000000000001,0.939319075015095
KAIST,2Nm,25,20260815,0.0,TF-SVM early fusion,0.9505,0.950808163932274,0.9505000000000001,0.9503785008047914
KAIST,2Nm,25,20260815,0.0,TF-SVM late fusion,0.989,0.988989131047967,0.9890000000000001,0.9889828730647594
KAIST,4Nm,25,20260815,0.0,TF-SVM early fusion,0.891,0.9009954949966203,0.891,0.8933763819414878
KAIST,4Nm,25,20260815,0.0,TF-SVM late fusion,0.949,0.9551892170749188,0.9490000000000001,0.9500235742050211
KAIST,2Nm,30,20260815,0.0,TF-SVM early fusion,0.9515,0.9526707707359791,0.9515,0.9514900325181997
KAIST,2Nm,30,20260815,0.0,TF-SVM late fusion,0.995,0.9950243023762271,0.9949999999999999,0.9949929142071479
KAIST,4Nm,30,20260815,0.0,TF-SVM early fusion,0.91,0.9160538984195673,0.9099999999999999,0.9117010425704655
KAIST,4Nm,30,20260815,0.0,TF-SVM late fusion,0.979,0.9797233825304001,0.9789999999999999,0.9791054865754241
KAIST-noise,2Nm,30,20260815,0.0,TF-SVM early fusion,0.9515,0.9526707707359791,0.9515,0.9514900325181997
KAIST-noise,2Nm,30,20260815,0.0,TF-SVM late fusion,0.995,0.9950243023762271,0.9949999999999999,0.9949929142071479
KAIST-noise,2Nm,30,20260815,-4.0,TF-SVM early fusion,0.2,0.04,0.2,0.06666666666666668
KAIST-noise,2Nm,30,20260815,-4.0,TF-SVM late fusion,0.2,0.04,0.2,0.06666666666666668
KAIST-noise,2Nm,30,20260815,-8.0,TF-SVM early fusion,0.2,0.04,0.2,0.06666666666666668
KAIST-noise,2Nm,30,20260815,-8.0,TF-SVM late fusion,0.2,0.04,0.2,0.06666666666666668
KAIST-noise,4Nm,30,20260815,0.0,TF-SVM early fusion,0.91,0.9160538984195673,0.9099999999999999,0.9117010425704655
KAIST-noise,4Nm,30,20260815,0.0,TF-SVM late fusion,0.979,0.9797233825304001,0.9789999999999999,0.9791054865754241
KAIST-noise,4Nm,30,20260815,-4.0,TF-SVM early fusion,0.2,0.04,0.2,0.06666666666666668
KAIST-noise,4Nm,30,20260815,-4.0,TF-SVM late fusion,0.2,0.04,0.2,0.06666666666666668
KAIST-noise,4Nm,30,20260815,-8.0,TF-SVM early fusion,0.2,0.04,0.2,0.06666666666666668
KAIST-noise,4Nm,30,20260815,-8.0,TF-SVM late fusion,0.2,0.04,0.2,0.06666666666666668
