n_train,Acc_2Nm_mean,Acc_2Nm_std,F1_2Nm_mean,F1_2Nm_std,Prec_2Nm_mean,Prec_2Nm_std,Recall_2Nm_mean,Recall_2Nm_std,Acc_4Nm_mean,Acc_4Nm_std,F1_4Nm_mean,F1_4Nm_std,Prec_4Nm_mean,Prec_4Nm_std,Recall_4Nm_mean,Recall_4Nm_std
5,0.440875,0.12013527531495484,0.4227577202187892,0.119966547831827,0.44644376624967874,0.13331121239271004,0.440875,0.12013527531495487,0.4178125,0.09974183472219668,0.39702412355978434,0.10498600407049265,0.4161559831736674,0.12471936823118673,0.41781250000000003,0.09974183472219668
6,0.5713125,0.11544639922383894,0.5664502712072309,0.10751434448708648,0.5957492479723205,0.10838455285587731,0.5713125,0.11544639922383895,0.5415625,0.12266785375048346,0.5347583073880138,0.11236960240764735,0.5727081555132685,0.11608593137102458,0.5415625000000001,0.1226678537504835
7,0.6268125,0.11624944556319398,0.6096749811030591,0.1029444258775338,0.6312932258711818,0.11307839755451064,0.6268125,0.11624944556319397,0.58525,0.11513226090023596,0.5617771946981279,0.08898136805262835,0.60093970984914,0.10199855746577079,0.58525,0.11513226090023594
8,0.7294375,0.10411635243202674,0.7118481548606377,0.11235177338386858,0.7411923377043577,0.11342897611425921,0.7294375,0.10411635243202673,0.7070625,0.09631440621085717,0.6888232029677965,0.10457172847335494,0.731294844569238,0.11335491186709225,0.7070624999999999,0.09631440621085717
9,0.670125,0.08865937274197239,0.6625904029088041,0.09372562546199917,0.6789505139315704,0.09289460448837078,0.670125,0.08865937274197237,0.6379375,0.07562590392021769,0.6276544774347276,0.07967858864468433,0.6541871012693,0.0883076560255492,0.6379375,0.0756259039202177
10,0.78675,0.05571130944431301,0.7793258668833156,0.05938699066379572,0.8006970799903155,0.052470827569043,0.7867500000000001,0.055711309444313045,0.7548750000000001,0.051324792985456856,0.7409387100307372,0.05991958697432959,0.7697305528732713,0.054672743622155955,0.7548750000000001,0.05132479298545685
11,0.7661250000000001,0.07442015436022692,0.7584342444343815,0.07975724703908757,0.7700278963029461,0.07696657480650339,0.766125,0.07442015436022693,0.7154375,0.07712467078535894,0.7049051526575095,0.08354574124338715,0.723795190708353,0.0859188432965452,0.7154375000000001,0.07712467078535895
12,0.78325,0.09263942195415514,0.7740111178556115,0.10270018007689821,0.7949467324285922,0.08527298332126594,0.78325,0.09263942195415512,0.7455625,0.090409981991758,0.7347948748742573,0.09827435313617888,0.7609407542059623,0.08356594568925398,0.7455625,0.09040998199175797
13,0.7755,0.06803813269042587,0.7763661420271694,0.07035746066652539,0.7964611297250324,0.06561935248868615,0.7755,0.0680381326904259,0.7285625,0.05544954773260106,0.7298256066874523,0.05590445683928928,0.7647997176531672,0.04845845460426354,0.7285625,0.05544954773260106
14,0.8194375,0.13038654970413935,0.8145065528956501,0.1366457166680383,0.826426727106087,0.1287777262459851,0.8194375,0.13038654970413938,0.7981875,0.13341943671650694,0.7933248245966263,0.13891899562782054,0.806649232021952,0.13457640097819276,0.7981875,0.1334194367165069
15,0.844625,0.06353382465269974,0.8417517280491714,0.06638881353665237,0.854668328667658,0.059870977055053114,0.844625,0.06353382465269976,0.803375,0.08630242971666557,0.7983971413761042,0.09117029800313568,0.8198667154177205,0.07988201033089708,0.803375,0.08630242971666557
16,0.81275,0.10502618721061904,0.8089995787447715,0.10866781358393211,0.8320136332973155,0.094484970414902,0.8127500000000001,0.10502618721061902,0.7783125,0.09370396786556051,0.7733717246834857,0.09775408099840253,0.8029386572560586,0.08780484741629555,0.7783125,0.09370396786556051
17,0.839375,0.21725845064116606,0.8382765664820888,0.21803147243632542,0.8540566127262359,0.18588742252271798,0.839375,0.2172584506411661,0.81575,0.20523507862936102,0.8146922810179383,0.20429139969027463,0.8312983581823855,0.17803528135168312,0.81575,0.20523507862936105
18,0.9163125,0.04321598192509341,0.9151295658885901,0.044843548961294735,0.9185336951638607,0.04112781326407068,0.9163125000000001,0.04321598192509339,0.8983749999999999,0.041261172729334786,0.8963542601631996,0.04326389451538842,0.9026461253831903,0.03962264075880427,0.8983749999999999,0.041261172729334765
19,0.87875,0.04117644957982658,0.8759902861507227,0.042299540866875845,0.8878619461001473,0.04115609682229737,0.87875,0.04117644957982659,0.847,0.06380389878369504,0.8420436539523306,0.06643085293980738,0.8603329909354702,0.06492967055976917,0.8470000000000001,0.06380389878369504
20,0.951875,0.04940125884023606,0.9518107689735493,0.04947568045192967,0.9553470508755376,0.04476873646041487,0.951875,0.04940125884023606,0.9300625,0.06482160013259468,0.9286759466015515,0.06755647951010105,0.9332504043788538,0.06211334529796076,0.9300625,0.06482160013259468
21,0.91225,0.06795356870687515,0.9099227382146343,0.07033664269288363,0.9171651249368521,0.06543957168596357,0.91225,0.06795356870687516,0.881375,0.08985326580041486,0.8784317302351698,0.092771531256601,0.8924874614393608,0.08126498593786423,0.881375,0.08985326580041482
22,0.9184375,0.04999964843626403,0.9175456819197827,0.050116614373566015,0.9232902430643294,0.048360225761327855,0.9184375,0.04999964843626402,0.897875,0.06444898660956584,0.8953341323538575,0.06677146803029342,0.9022034413980172,0.06420149768980803,0.897875,0.06444898660956587
23,0.8401875,0.141374488836388,0.8350803168282688,0.14769956852028465,0.8549113974253332,0.1282838631090932,0.8401875,0.14137448883638798,0.8131875,0.15135428997471462,0.8058724548067495,0.1577332801308882,0.8196291253467394,0.14749966694891303,0.8131875,0.15135428997471467
24,0.9546250000000001,0.035277250105414965,0.9544315429343826,0.035678270008829976,0.9585651527492367,0.03230350656287746,0.954625,0.03527725010541499,0.9359999999999999,0.04129769969380861,0.9361522984683165,0.04151982503353469,0.9433716621133172,0.03657722921264198,0.936,0.04129769969380861
25,0.9335625,0.06252271462236744,0.9325324950308811,0.06398597754947483,0.9378769360259299,0.056206816189158744,0.9335625000000001,0.06252271462236746,0.92375,0.061346862185445154,0.9228641842880089,0.06265283506156086,0.927678369938554,0.05622380735386377,0.9237500000000001,0.061346862185445175
26,0.7799375,0.24552945819952032,0.7762756771080468,0.2510808120105688,0.7873913833574335,0.24008886438850943,0.7799375,0.24552945819952035,0.7671875,0.22034730221572943,0.7633757149322202,0.22500568165687268,0.7775887694722151,0.21706643729982428,0.7671875,0.22034730221572943
27,0.9068125,0.08691372787856934,0.905906249923411,0.08789212141486408,0.9087751080552273,0.08688469241077074,0.9068124999999999,0.08691372787856934,0.87575,0.08908984229416955,0.8740059148180398,0.08981208287494795,0.8822822355953602,0.08960490553830047,0.8757499999999999,0.08908984229416951
28,0.785625,0.26683852209716646,0.7845050886076363,0.2673123311421828,0.7998457469807834,0.24536246971138928,0.785625,0.2668385220971665,0.77525,0.25179170458932915,0.7734583825041758,0.2511824977401592,0.7917771678012298,0.23388318653584603,0.77525,0.25179170458932915
29,0.9318125,0.06994772043283469,0.9308411119048575,0.07228042125753692,0.937255765543734,0.05831060663379177,0.9318125,0.06994772043283466,0.9035625,0.07819704178388079,0.9016244887280869,0.0821563377266271,0.9101175521373213,0.07172826724772793,0.9035625,0.07819704178388086
30,0.783125,0.23019444905340355,0.7719053619491183,0.2452165625863397,0.802985077798755,0.20240125271419976,0.783125,0.23019444905340355,0.7585,0.22606871189972308,0.7489274674044293,0.2403995065603008,0.7837663424337631,0.1982304629746838,0.7585,0.22606871189972308
