variant,n_train,run_idx,seed,test_accuracy,test_macro_precision,test_macro_recall,test_macro_f1,train_accuracy,heldout_accuracy,generalization_gap,split_signature,data_signature,hyperparameter_signature,source_type,train_time_s
full,1,1,101,0.6240601503759399,0.7212453005469587,0.6240601503759399,0.5788865384546513,1.0,0.6240601539611816,0.37593984603881836,25ea856c6e018ff324d9d352ec6ecde6e717f24cc8fe8a2d6b965ede2937af20,fceed958e6a2014a43a3c3ed8c6aa5c941680d1c6a82b0dcda6f4bf2a2a4ef35,5ad8b2b0c14afbdbcd128a062936a76cd3464251f9c448f76b8dc3ff0b5781b1,new_paper_aligned_training,232.27565359999997
no_caim,1,1,101,0.48549946294307195,0.5451731819195658,0.48549946294307195,0.4428050678451209,1.0,0.48549947142601013,0.5145005285739899,25ea856c6e018ff324d9d352ec6ecde6e717f24cc8fe8a2d6b965ede2937af20,fceed958e6a2014a43a3c3ed8c6aa5c941680d1c6a82b0dcda6f4bf2a2a4ef35,5ad8b2b0c14afbdbcd128a062936a76cd3464251f9c448f76b8dc3ff0b5781b1,new_paper_aligned_training,240.50296099999997
full,1,2,102,0.48764769065520946,0.564615734286636,0.4876476906552094,0.4746870139392413,1.0,0.48764768242836,0.51235231757164,821edebca0d28bc062cecd84492971387df392e9225ebc6d2af2f37c704e4a14,fceed958e6a2014a43a3c3ed8c6aa5c941680d1c6a82b0dcda6f4bf2a2a4ef35,5ad8b2b0c14afbdbcd128a062936a76cd3464251f9c448f76b8dc3ff0b5781b1,new_paper_aligned_training,327.7528718
no_caim,1,2,102,0.4897959183673469,0.5958499291902211,0.489795918367347,0.46128809278837307,1.0,0.4897959232330322,0.5102040767669678,821edebca0d28bc062cecd84492971387df392e9225ebc6d2af2f37c704e4a14,fceed958e6a2014a43a3c3ed8c6aa5c941680d1c6a82b0dcda6f4bf2a2a4ef35,5ad8b2b0c14afbdbcd128a062936a76cd3464251f9c448f76b8dc3ff0b5781b1,new_paper_aligned_training,326.4368244
full,1,3,103,0.49122807017543857,0.6386993731458456,0.4912280701754386,0.49707799544686165,1.0,0.4912280738353729,0.5087719261646271,4ac2389a80067ebd1f2dd687ddfef3a00e90e02b9e4d5d0458325425afbd6cf7,fceed958e6a2014a43a3c3ed8c6aa5c941680d1c6a82b0dcda6f4bf2a2a4ef35,5ad8b2b0c14afbdbcd128a062936a76cd3464251f9c448f76b8dc3ff0b5781b1,new_paper_aligned_training,290.08068300000014
no_caim,1,3,103,0.4582885785893305,0.5991963956574357,0.45828857858933036,0.4331884613369626,1.0,0.4582885801792145,0.5417114198207855,4ac2389a80067ebd1f2dd687ddfef3a00e90e02b9e4d5d0458325425afbd6cf7,fceed958e6a2014a43a3c3ed8c6aa5c941680d1c6a82b0dcda6f4bf2a2a4ef35,5ad8b2b0c14afbdbcd128a062936a76cd3464251f9c448f76b8dc3ff0b5781b1,new_paper_aligned_training,278.48254069999984
full,1,4,104,0.6154672395273899,0.6484321255626339,0.6154672395273899,0.5662704945278957,1.0,0.6154672503471375,0.38453274965286255,29ac620da102e1ea9a9674c413ea2b6c4452dd06d2e465e875e0c26ab0aef8fe,fceed958e6a2014a43a3c3ed8c6aa5c941680d1c6a82b0dcda6f4bf2a2a4ef35,5ad8b2b0c14afbdbcd128a062936a76cd3464251f9c448f76b8dc3ff0b5781b1,new_paper_aligned_training,283.99132459999987
no_caim,1,4,104,0.3673469387755102,0.5194780808852865,0.3673469387755102,0.3291786295604356,1.0,0.36734694242477417,0.6326530575752258,29ac620da102e1ea9a9674c413ea2b6c4452dd06d2e465e875e0c26ab0aef8fe,fceed958e6a2014a43a3c3ed8c6aa5c941680d1c6a82b0dcda6f4bf2a2a4ef35,5ad8b2b0c14afbdbcd128a062936a76cd3464251f9c448f76b8dc3ff0b5781b1,new_paper_aligned_training,256.9634507999999
full,1,5,105,0.43573218761188687,0.5005839791752847,0.43573218761188687,0.41708756504070765,1.0,0.4357321858406067,0.5642678141593933,f61b8c8948cc22b83a86af9ee1146ecf5a162c6d30c81d349e24640de6705890,fceed958e6a2014a43a3c3ed8c6aa5c941680d1c6a82b0dcda6f4bf2a2a4ef35,5ad8b2b0c14afbdbcd128a062936a76cd3464251f9c448f76b8dc3ff0b5781b1,new_paper_aligned_training,298.7378963000001
no_caim,1,5,105,0.40565699964196206,0.45958943184959694,0.40565699964196206,0.33671810948297265,1.0,0.40565699338912964,0.5943430066108704,f61b8c8948cc22b83a86af9ee1146ecf5a162c6d30c81d349e24640de6705890,fceed958e6a2014a43a3c3ed8c6aa5c941680d1c6a82b0dcda6f4bf2a2a4ef35,5ad8b2b0c14afbdbcd128a062936a76cd3464251f9c448f76b8dc3ff0b5781b1,new_paper_aligned_training,244.36701240000002
full,1,6,106,0.5707124955245256,0.5994385612087972,0.5707124955245256,0.5577263656332072,1.0,0.5707125067710876,0.42928749322891235,056c0857ab2769f3688c90b7333e2536cb8c13e025df8e56fb444227d8204284,fceed958e6a2014a43a3c3ed8c6aa5c941680d1c6a82b0dcda6f4bf2a2a4ef35,5ad8b2b0c14afbdbcd128a062936a76cd3464251f9c448f76b8dc3ff0b5781b1,new_paper_aligned_training,290.5601065999999
no_caim,1,6,106,0.4983888292158969,0.5159637769190364,0.4983888292158968,0.49251085004764716,1.0,0.4983888268470764,0.5016111731529236,056c0857ab2769f3688c90b7333e2536cb8c13e025df8e56fb444227d8204284,fceed958e6a2014a43a3c3ed8c6aa5c941680d1c6a82b0dcda6f4bf2a2a4ef35,5ad8b2b0c14afbdbcd128a062936a76cd3464251f9c448f76b8dc3ff0b5781b1,new_paper_aligned_training,255.02131310000004
full,1,7,107,0.5209452201933404,0.6793249765783644,0.5209452201933404,0.5238212978705913,1.0,0.5209451913833618,0.4790548086166382,85e68c78c4038a8b2bc256824853fdde781bb74bee5914ec21ce665580051b76,fceed958e6a2014a43a3c3ed8c6aa5c941680d1c6a82b0dcda6f4bf2a2a4ef35,5ad8b2b0c14afbdbcd128a062936a76cd3464251f9c448f76b8dc3ff0b5781b1,new_paper_aligned_training,291.50883810000005
no_caim,1,7,107,0.45506623702112425,0.6042112316127409,0.45506623702112436,0.41156283425772766,1.0,0.4550662338733673,0.5449337661266327,85e68c78c4038a8b2bc256824853fdde781bb74bee5914ec21ce665580051b76,fceed958e6a2014a43a3c3ed8c6aa5c941680d1c6a82b0dcda6f4bf2a2a4ef35,5ad8b2b0c14afbdbcd128a062936a76cd3464251f9c448f76b8dc3ff0b5781b1,new_paper_aligned_training,246.28729829999975
full,1,8,108,0.4915861081274615,0.5615579804387175,0.4915861081274615,0.48055230876046995,1.0,0.4915861189365387,0.5084138810634613,3a6ca6efd470d93ba45107244c3b534a69e7e13ea286038198cd41c1692f8f00,fceed958e6a2014a43a3c3ed8c6aa5c941680d1c6a82b0dcda6f4bf2a2a4ef35,5ad8b2b0c14afbdbcd128a062936a76cd3464251f9c448f76b8dc3ff0b5781b1,new_paper_aligned_training,181.48677129999987
no_caim,1,8,108,0.40064446831364126,0.5472208632689093,0.4006444683136413,0.39592045664943026,1.0,0.4006444811820984,0.5993555188179016,3a6ca6efd470d93ba45107244c3b534a69e7e13ea286038198cd41c1692f8f00,fceed958e6a2014a43a3c3ed8c6aa5c941680d1c6a82b0dcda6f4bf2a2a4ef35,5ad8b2b0c14afbdbcd128a062936a76cd3464251f9c448f76b8dc3ff0b5781b1,new_paper_aligned_training,96.2465259999999
full,1,9,109,0.5334765485141425,0.6482230272696377,0.5334765485141425,0.5593044424226805,1.0,0.5334765315055847,0.4665234684944153,91cd14a398502cf30f756d1a3a2c7fa98094e1135819c6c0d3a6070430f671b7,fceed958e6a2014a43a3c3ed8c6aa5c941680d1c6a82b0dcda6f4bf2a2a4ef35,5ad8b2b0c14afbdbcd128a062936a76cd3464251f9c448f76b8dc3ff0b5781b1,new_paper_aligned_training,97.20194209999954
no_caim,1,9,109,0.23558897243107768,0.22475908765334587,0.23558897243107774,0.2136671931349643,1.0,0.23558896780014038,0.7644110321998596,91cd14a398502cf30f756d1a3a2c7fa98094e1135819c6c0d3a6070430f671b7,fceed958e6a2014a43a3c3ed8c6aa5c941680d1c6a82b0dcda6f4bf2a2a4ef35,5ad8b2b0c14afbdbcd128a062936a76cd3464251f9c448f76b8dc3ff0b5781b1,new_paper_aligned_training,98.76480609999999
full,1,10,110,0.5069817400644469,0.5980911789643999,0.5069817400644469,0.501690189609702,1.0,0.5069817304611206,0.4930182695388794,32751a857996cecbb3af8b14296d8f7e7394e5df7ea25f6393791cec834769c4,fceed958e6a2014a43a3c3ed8c6aa5c941680d1c6a82b0dcda6f4bf2a2a4ef35,5ad8b2b0c14afbdbcd128a062936a76cd3464251f9c448f76b8dc3ff0b5781b1,new_paper_aligned_training,100.93059269999958
no_caim,1,10,110,0.5381310418904404,0.5475044535847223,0.5381310418904404,0.5038889636980756,1.0,0.538131058216095,0.46186894178390503,32751a857996cecbb3af8b14296d8f7e7394e5df7ea25f6393791cec834769c4,fceed958e6a2014a43a3c3ed8c6aa5c941680d1c6a82b0dcda6f4bf2a2a4ef35,5ad8b2b0c14afbdbcd128a062936a76cd3464251f9c448f76b8dc3ff0b5781b1,new_paper_aligned_training,89.98252169999978
full,2,1,201,0.5976310122038765,0.6776094977007675,0.5976310122038765,0.5979196601862797,1.0,0.59763103723526,0.40236896276474,aaed6e0cbf7e909ebd222bf47036cd1c7b252af6490eb089c52bf89b37ce35e2,fceed958e6a2014a43a3c3ed8c6aa5c941680d1c6a82b0dcda6f4bf2a2a4ef35,5ad8b2b0c14afbdbcd128a062936a76cd3464251f9c448f76b8dc3ff0b5781b1,new_paper_aligned_training,95.18735029999971
no_caim,2,1,201,0.4210337401292175,0.49164729296893067,0.4210337401292175,0.4163620747155973,1.0,0.42103374004364014,0.5789662599563599,aaed6e0cbf7e909ebd222bf47036cd1c7b252af6490eb089c52bf89b37ce35e2,fceed958e6a2014a43a3c3ed8c6aa5c941680d1c6a82b0dcda6f4bf2a2a4ef35,5ad8b2b0c14afbdbcd128a062936a76cd3464251f9c448f76b8dc3ff0b5781b1,new_paper_aligned_training,98.84599619999972
full,2,2,202,0.700646087580761,0.8037826738986681,0.700646087580761,0.7010914732906102,1.0,0.7006461024284363,0.2993538975715637,d1c8e84e2c68949110f7b60a446d9901e43697772026c65dfb42f86838f64eac,fceed958e6a2014a43a3c3ed8c6aa5c941680d1c6a82b0dcda6f4bf2a2a4ef35,5ad8b2b0c14afbdbcd128a062936a76cd3464251f9c448f76b8dc3ff0b5781b1,new_paper_aligned_training,96.34584929999983
no_caim,2,2,202,0.5796841349605169,0.6943767654347252,0.5796841349605169,0.5740551063035533,1.0,0.5796841382980347,0.42031586170196533,d1c8e84e2c68949110f7b60a446d9901e43697772026c65dfb42f86838f64eac,fceed958e6a2014a43a3c3ed8c6aa5c941680d1c6a82b0dcda6f4bf2a2a4ef35,5ad8b2b0c14afbdbcd128a062936a76cd3464251f9c448f76b8dc3ff0b5781b1,new_paper_aligned_training,89.38298159999977
full,2,3,203,0.632089016511127,0.8005072234425459,0.632089016511127,0.652553874904103,1.0,0.6320890188217163,0.3679109811782837,1bb6bc00c152101f539090a5cce1f5ca2717bb45c224dea51c98cedcfc7df991,fceed958e6a2014a43a3c3ed8c6aa5c941680d1c6a82b0dcda6f4bf2a2a4ef35,5ad8b2b0c14afbdbcd128a062936a76cd3464251f9c448f76b8dc3ff0b5781b1,new_paper_aligned_training,96.7321391000005
no_caim,2,3,203,0.591170136396267,0.6719954458310691,0.5911701363962669,0.579186449016723,1.0,0.5911701321601868,0.40882986783981323,1bb6bc00c152101f539090a5cce1f5ca2717bb45c224dea51c98cedcfc7df991,fceed958e6a2014a43a3c3ed8c6aa5c941680d1c6a82b0dcda6f4bf2a2a4ef35,5ad8b2b0c14afbdbcd128a062936a76cd3464251f9c448f76b8dc3ff0b5781b1,new_paper_aligned_training,87.61121160000039
full,2,4,204,0.8901651112706389,0.8972830618493529,0.8901651112706388,0.890653796589513,1.0,0.8901650905609131,0.10983490943908691,968070c5106be22e6de3da14b10e50b64b694cab172a3cadaa7b966af04ea8f4,fceed958e6a2014a43a3c3ed8c6aa5c941680d1c6a82b0dcda6f4bf2a2a4ef35,5ad8b2b0c14afbdbcd128a062936a76cd3464251f9c448f76b8dc3ff0b5781b1,new_paper_aligned_training,96.64523999999983
no_caim,2,4,204,0.6417803302225413,0.6730740008272191,0.6417803302225413,0.6203097202265189,1.0,0.6417803168296814,0.3582196831703186,968070c5106be22e6de3da14b10e50b64b694cab172a3cadaa7b966af04ea8f4,fceed958e6a2014a43a3c3ed8c6aa5c941680d1c6a82b0dcda6f4bf2a2a4ef35,5ad8b2b0c14afbdbcd128a062936a76cd3464251f9c448f76b8dc3ff0b5781b1,new_paper_aligned_training,93.14387410000018
full,2,5,205,0.6891600861450108,0.8182889912918405,0.6891600861450108,0.6786333893625169,1.0,0.6891601085662842,0.3108398914337158,70ee6bef7af26ba3080a362111d8cf72657a1024bfe7b6d16872070929788706,fceed958e6a2014a43a3c3ed8c6aa5c941680d1c6a82b0dcda6f4bf2a2a4ef35,5ad8b2b0c14afbdbcd128a062936a76cd3464251f9c448f76b8dc3ff0b5781b1,new_paper_aligned_training,94.60220420000041
no_caim,2,5,205,0.5696338837042355,0.7518293369101289,0.5696338837042355,0.5714584965880158,1.0,0.5696339011192322,0.4303660988807678,70ee6bef7af26ba3080a362111d8cf72657a1024bfe7b6d16872070929788706,fceed958e6a2014a43a3c3ed8c6aa5c941680d1c6a82b0dcda6f4bf2a2a4ef35,5ad8b2b0c14afbdbcd128a062936a76cd3464251f9c448f76b8dc3ff0b5781b1,new_paper_aligned_training,87.88119750000078
full,2,6,206,0.7925340990667624,0.8067303569899759,0.7925340990667624,0.784011129066079,1.0,0.7925341129302979,0.20746588706970215,9a2eac7e1d6fdc9b4529a94d82e1cf0aeffa32b9e30c99d0b6ebbbdbdccdd396,fceed958e6a2014a43a3c3ed8c6aa5c941680d1c6a82b0dcda6f4bf2a2a4ef35,5ad8b2b0c14afbdbcd128a062936a76cd3464251f9c448f76b8dc3ff0b5781b1,new_paper_aligned_training,94.81882979999955
no_caim,2,6,206,0.7379755922469491,0.7742727269849132,0.737975592246949,0.7131600569881746,1.0,0.7379755973815918,0.2620244026184082,9a2eac7e1d6fdc9b4529a94d82e1cf0aeffa32b9e30c99d0b6ebbbdbdccdd396,fceed958e6a2014a43a3c3ed8c6aa5c941680d1c6a82b0dcda6f4bf2a2a4ef35,5ad8b2b0c14afbdbcd128a062936a76cd3464251f9c448f76b8dc3ff0b5781b1,new_paper_aligned_training,87.74938910000037
full,2,7,207,0.8173007896625987,0.8299591037907091,0.8173007896625988,0.8160801580010331,1.0,0.8173007965087891,0.18269920349121094,28dafd3c4e88c17610f39b1acc55e9c6e12dd1dba82bfb0336a42b159bc16473,fceed958e6a2014a43a3c3ed8c6aa5c941680d1c6a82b0dcda6f4bf2a2a4ef35,5ad8b2b0c14afbdbcd128a062936a76cd3464251f9c448f76b8dc3ff0b5781b1,new_paper_aligned_training,97.7883082999997
no_caim,2,7,207,0.5355348169418521,0.5806403561256672,0.5355348169418521,0.5080038997530284,1.0,0.5355347990989685,0.4644652009010315,28dafd3c4e88c17610f39b1acc55e9c6e12dd1dba82bfb0336a42b159bc16473,fceed958e6a2014a43a3c3ed8c6aa5c941680d1c6a82b0dcda6f4bf2a2a4ef35,5ad8b2b0c14afbdbcd128a062936a76cd3464251f9c448f76b8dc3ff0b5781b1,new_paper_aligned_training,93.62207510000007
full,2,8,208,0.8793969849246231,0.9175573932289638,0.8793969849246231,0.8795064091385479,1.0,0.8793969750404358,0.12060302495956421,5f7497d5976f8471fee990132c20376434188856f5f8a830e822e87a77271035,fceed958e6a2014a43a3c3ed8c6aa5c941680d1c6a82b0dcda6f4bf2a2a4ef35,5ad8b2b0c14afbdbcd128a062936a76cd3464251f9c448f76b8dc3ff0b5781b1,new_paper_aligned_training,94.56096780000007
no_caim,2,8,208,0.6590093323761665,0.6822744568623911,0.6590093323761665,0.6458191200000482,1.0,0.6590093374252319,0.34099066257476807,5f7497d5976f8471fee990132c20376434188856f5f8a830e822e87a77271035,fceed958e6a2014a43a3c3ed8c6aa5c941680d1c6a82b0dcda6f4bf2a2a4ef35,5ad8b2b0c14afbdbcd128a062936a76cd3464251f9c448f76b8dc3ff0b5781b1,new_paper_aligned_training,87.60347459999957
full,2,9,209,0.8488872936109118,0.8670102899493327,0.8488872936109118,0.8457120739748655,1.0,0.8488872647285461,0.15111273527145386,75775a4d18b038001cce9df000ff321bb7c0a578c03029dd1d17cfa52509a1cf,fceed958e6a2014a43a3c3ed8c6aa5c941680d1c6a82b0dcda6f4bf2a2a4ef35,5ad8b2b0c14afbdbcd128a062936a76cd3464251f9c448f76b8dc3ff0b5781b1,new_paper_aligned_training,94.77192819999982
no_caim,2,9,209,0.5168700646087581,0.5452339915463312,0.5168700646087581,0.5114144240769248,1.0,0.5168700814247131,0.48312991857528687,75775a4d18b038001cce9df000ff321bb7c0a578c03029dd1d17cfa52509a1cf,fceed958e6a2014a43a3c3ed8c6aa5c941680d1c6a82b0dcda6f4bf2a2a4ef35,5ad8b2b0c14afbdbcd128a062936a76cd3464251f9c448f76b8dc3ff0b5781b1,new_paper_aligned_training,97.82466380000005
full,2,10,210,0.6812634601579325,0.8709272263419414,0.6812634601579326,0.7023351670282508,1.0,0.6812634468078613,0.31873655319213867,0b6c1e597636d0bf0fbab2dd3369e486a711a6098481134cc92036327f7068b7,fceed958e6a2014a43a3c3ed8c6aa5c941680d1c6a82b0dcda6f4bf2a2a4ef35,5ad8b2b0c14afbdbcd128a062936a76cd3464251f9c448f76b8dc3ff0b5781b1,new_paper_aligned_training,105.60173630000008
no_caim,2,10,210,0.4694903086862886,0.6149256197831402,0.4694903086862886,0.44015630288302304,1.0,0.46949031949043274,0.5305096805095673,0b6c1e597636d0bf0fbab2dd3369e486a711a6098481134cc92036327f7068b7,fceed958e6a2014a43a3c3ed8c6aa5c941680d1c6a82b0dcda6f4bf2a2a4ef35,5ad8b2b0c14afbdbcd128a062936a76cd3464251f9c448f76b8dc3ff0b5781b1,new_paper_aligned_training,99.94053629999962
full,3,1,301,0.6473551637279596,0.783971759501369,0.6473551637279596,0.654154420365176,1.0,0.6473551392555237,0.3526448607444763,96589d2ef085d70d04b9d561e9e7875effb6194d1ae70e20489afb03ee08a0fc,fceed958e6a2014a43a3c3ed8c6aa5c941680d1c6a82b0dcda6f4bf2a2a4ef35,5ad8b2b0c14afbdbcd128a062936a76cd3464251f9c448f76b8dc3ff0b5781b1,new_paper_aligned_training,94.26906220000001
no_caim,3,1,301,0.6649874055415617,0.7796082556555425,0.6649874055415618,0.6652862240916748,1.0,0.6649873852729797,0.33501261472702026,96589d2ef085d70d04b9d561e9e7875effb6194d1ae70e20489afb03ee08a0fc,fceed958e6a2014a43a3c3ed8c6aa5c941680d1c6a82b0dcda6f4bf2a2a4ef35,5ad8b2b0c14afbdbcd128a062936a76cd3464251f9c448f76b8dc3ff0b5781b1,new_paper_aligned_training,87.80682720000004
full,3,2,302,0.6628283555235697,0.7863114235396672,0.6628283555235697,0.6693029542036465,1.0,0.6628283262252808,0.33717167377471924,7d8e95b376d78e786596d417d2b855f48a86b608eb52436ea1a1fcc023c66aaa,fceed958e6a2014a43a3c3ed8c6aa5c941680d1c6a82b0dcda6f4bf2a2a4ef35,5ad8b2b0c14afbdbcd128a062936a76cd3464251f9c448f76b8dc3ff0b5781b1,new_paper_aligned_training,95.27299729999959
no_caim,3,2,302,0.6390788053256568,0.800095303883119,0.6390788053256566,0.6413145444579368,1.0,0.6390787959098816,0.3609212040901184,7d8e95b376d78e786596d417d2b855f48a86b608eb52436ea1a1fcc023c66aaa,fceed958e6a2014a43a3c3ed8c6aa5c941680d1c6a82b0dcda6f4bf2a2a4ef35,5ad8b2b0c14afbdbcd128a062936a76cd3464251f9c448f76b8dc3ff0b5781b1,new_paper_aligned_training,85.9594289000006
full,3,3,303,0.8028067650233897,0.8149700081112131,0.8028067650233897,0.8027729287951819,1.0,0.8028067946434021,0.1971932053565979,f2386058b75658017496a4df9c7c4b79d284a96929827036ef2fd7babd09ad0a,fceed958e6a2014a43a3c3ed8c6aa5c941680d1c6a82b0dcda6f4bf2a2a4ef35,5ad8b2b0c14afbdbcd128a062936a76cd3464251f9c448f76b8dc3ff0b5781b1,new_paper_aligned_training,94.50960250000026
no_caim,3,3,303,0.7373155811442965,0.7021938754234845,0.7373155811442965,0.6934591415450598,1.0,0.7373155951499939,0.2626844048500061,f2386058b75658017496a4df9c7c4b79d284a96929827036ef2fd7babd09ad0a,fceed958e6a2014a43a3c3ed8c6aa5c941680d1c6a82b0dcda6f4bf2a2a4ef35,5ad8b2b0c14afbdbcd128a062936a76cd3464251f9c448f76b8dc3ff0b5781b1,new_paper_aligned_training,87.66906819999986
full,3,4,304,0.7707808564231738,0.8345859418085666,0.7707808564231737,0.7565111543316033,1.0,0.7707808613777161,0.22921913862228394,75c252de220218ebb6b70ae0135534f5b8487c8f169e1a0cda3afa29d8fb6cd2,fceed958e6a2014a43a3c3ed8c6aa5c941680d1c6a82b0dcda6f4bf2a2a4ef35,5ad8b2b0c14afbdbcd128a062936a76cd3464251f9c448f76b8dc3ff0b5781b1,new_paper_aligned_training,92.7330922000001
no_caim,3,4,304,0.7571068729758906,0.7843869157256876,0.7571068729758906,0.703186157044178,1.0,0.7571069002151489,0.24289309978485107,75c252de220218ebb6b70ae0135534f5b8487c8f169e1a0cda3afa29d8fb6cd2,fceed958e6a2014a43a3c3ed8c6aa5c941680d1c6a82b0dcda6f4bf2a2a4ef35,5ad8b2b0c14afbdbcd128a062936a76cd3464251f9c448f76b8dc3ff0b5781b1,new_paper_aligned_training,85.43373809999957
full,3,5,305,0.8136020151133502,0.8165335933097274,0.8136020151133501,0.8128809261423026,1.0,0.8136020302772522,0.1863979697227478,036db9b74e95fcad5bc5a071c7f113376509ae4f1f2fd361a4627da1d2112c3a,fceed958e6a2014a43a3c3ed8c6aa5c941680d1c6a82b0dcda6f4bf2a2a4ef35,5ad8b2b0c14afbdbcd128a062936a76cd3464251f9c448f76b8dc3ff0b5781b1,new_paper_aligned_training,90.63308440000037
no_caim,3,5,305,0.6750629722921915,0.7033951219076702,0.6750629722921914,0.6464812849473697,1.0,0.6750629544258118,0.32493704557418823,036db9b74e95fcad5bc5a071c7f113376509ae4f1f2fd361a4627da1d2112c3a,fceed958e6a2014a43a3c3ed8c6aa5c941680d1c6a82b0dcda6f4bf2a2a4ef35,5ad8b2b0c14afbdbcd128a062936a76cd3464251f9c448f76b8dc3ff0b5781b1,new_paper_aligned_training,85.01739379999981
full,3,6,306,0.8744152572867938,0.898055986107124,0.8744152572867938,0.8715222097094513,1.0,0.8744152784347534,0.12558472156524658,906c085ae2cb4d88ecc42515daafc2fcb4ee685283c7c6c223094be5670087e7,fceed958e6a2014a43a3c3ed8c6aa5c941680d1c6a82b0dcda6f4bf2a2a4ef35,5ad8b2b0c14afbdbcd128a062936a76cd3464251f9c448f76b8dc3ff0b5781b1,new_paper_aligned_training,101.30016879999948
no_caim,3,6,306,0.7617848146815401,0.8169280284105619,0.7617848146815401,0.7555438020057584,1.0,0.7617847919464111,0.23821520805358887,906c085ae2cb4d88ecc42515daafc2fcb4ee685283c7c6c223094be5670087e7,fceed958e6a2014a43a3c3ed8c6aa5c941680d1c6a82b0dcda6f4bf2a2a4ef35,5ad8b2b0c14afbdbcd128a062936a76cd3464251f9c448f76b8dc3ff0b5781b1,new_paper_aligned_training,84.5315258999999
full,3,7,307,0.9276718243972653,0.9315050485357022,0.9276718243972653,0.9269988657257553,1.0,0.9276718497276306,0.07232815027236938,3044cbd7471ae046847e7fea101b715f2ca4d8b9d5ef07dc6e4d1dfe56868daa,fceed958e6a2014a43a3c3ed8c6aa5c941680d1c6a82b0dcda6f4bf2a2a4ef35,5ad8b2b0c14afbdbcd128a062936a76cd3464251f9c448f76b8dc3ff0b5781b1,new_paper_aligned_training,91.79437449999932
no_caim,3,7,307,0.8154012234616769,0.8487473451418592,0.815401223461677,0.7997993865862008,1.0,0.8154011964797974,0.18459880352020264,3044cbd7471ae046847e7fea101b715f2ca4d8b9d5ef07dc6e4d1dfe56868daa,fceed958e6a2014a43a3c3ed8c6aa5c941680d1c6a82b0dcda6f4bf2a2a4ef35,5ad8b2b0c14afbdbcd128a062936a76cd3464251f9c448f76b8dc3ff0b5781b1,new_paper_aligned_training,85.78008890000001
full,3,8,308,0.8146815401223462,0.83054008215754,0.8146815401223462,0.8083549255929742,1.0,0.8146815299987793,0.1853184700012207,35934847c4ac03b3887d0e200ad14fac36314e3743be72fcf607bf4fc6ce1e02,fceed958e6a2014a43a3c3ed8c6aa5c941680d1c6a82b0dcda6f4bf2a2a4ef35,5ad8b2b0c14afbdbcd128a062936a76cd3464251f9c448f76b8dc3ff0b5781b1,new_paper_aligned_training,91.98857600000065
no_caim,3,8,308,0.5505577545879813,0.5522277338422138,0.5505577545879813,0.5369310322550166,1.0,0.5505577325820923,0.4494422674179077,35934847c4ac03b3887d0e200ad14fac36314e3743be72fcf607bf4fc6ce1e02,fceed958e6a2014a43a3c3ed8c6aa5c941680d1c6a82b0dcda6f4bf2a2a4ef35,5ad8b2b0c14afbdbcd128a062936a76cd3464251f9c448f76b8dc3ff0b5781b1,new_paper_aligned_training,89.6546699999999
full,3,9,309,0.7495501979129183,0.8368700592400986,0.7495501979129182,0.7515710500300792,1.0,0.7495502233505249,0.2504497766494751,55842636b7b4ca8f8ceb1a81717d5d494ed7703d38fa4180bd82273fea14f589,fceed958e6a2014a43a3c3ed8c6aa5c941680d1c6a82b0dcda6f4bf2a2a4ef35,5ad8b2b0c14afbdbcd128a062936a76cd3464251f9c448f76b8dc3ff0b5781b1,new_paper_aligned_training,90.24620849999974
no_caim,3,9,309,0.34292911119107594,0.4142651745068683,0.3429291111910759,0.34967251366841084,1.0,0.3429291248321533,0.6570708751678467,55842636b7b4ca8f8ceb1a81717d5d494ed7703d38fa4180bd82273fea14f589,fceed958e6a2014a43a3c3ed8c6aa5c941680d1c6a82b0dcda6f4bf2a2a4ef35,5ad8b2b0c14afbdbcd128a062936a76cd3464251f9c448f76b8dc3ff0b5781b1,new_paper_aligned_training,84.87011849999908
full,3,10,310,0.931630082763584,0.9401940136511265,0.9316300827635839,0.9311610035241876,1.0,0.9316300749778748,0.06836992502212524,62dc6b04e3c6a0b96d75ffa317d50bf6648bce0c57c321cd7e12bf9b7f21be5c,fceed958e6a2014a43a3c3ed8c6aa5c941680d1c6a82b0dcda6f4bf2a2a4ef35,5ad8b2b0c14afbdbcd128a062936a76cd3464251f9c448f76b8dc3ff0b5781b1,new_paper_aligned_training,91.83573260000048
no_caim,3,10,310,0.8107232817560274,0.8192113790917503,0.8107232817560275,0.8027594720241168,1.0,0.8107233047485352,0.18927669525146484,62dc6b04e3c6a0b96d75ffa317d50bf6648bce0c57c321cd7e12bf9b7f21be5c,fceed958e6a2014a43a3c3ed8c6aa5c941680d1c6a82b0dcda6f4bf2a2a4ef35,5ad8b2b0c14afbdbcd128a062936a76cd3464251f9c448f76b8dc3ff0b5781b1,new_paper_aligned_training,86.43024709999918
full,4,1,401,0.8780663780663781,0.8877546327140722,0.878066378066378,0.8757355888196295,1.0,0.87806636095047,0.12193363904953003,9e266dd38a0299fe2650256450faa3a276add04b4364cb26436289b197d21bcb,fceed958e6a2014a43a3c3ed8c6aa5c941680d1c6a82b0dcda6f4bf2a2a4ef35,5ad8b2b0c14afbdbcd128a062936a76cd3464251f9c448f76b8dc3ff0b5781b1,new_paper_aligned_training,92.66702420000001
no_caim,4,1,401,0.7853535353535354,0.8310743609718898,0.7853535353535354,0.7630079178384402,1.0,0.7853535413742065,0.21464645862579346,9e266dd38a0299fe2650256450faa3a276add04b4364cb26436289b197d21bcb,fceed958e6a2014a43a3c3ed8c6aa5c941680d1c6a82b0dcda6f4bf2a2a4ef35,5ad8b2b0c14afbdbcd128a062936a76cd3464251f9c448f76b8dc3ff0b5781b1,new_paper_aligned_training,87.15953790000094
full,4,2,402,0.9152236652236653,0.9131849114463897,0.9152236652236653,0.913081324662696,1.0,0.9152236580848694,0.08477634191513062,7c0c27c47583a82ca0929d371ddf98995004192f67d42e1f9ac3b353accacb90,fceed958e6a2014a43a3c3ed8c6aa5c941680d1c6a82b0dcda6f4bf2a2a4ef35,5ad8b2b0c14afbdbcd128a062936a76cd3464251f9c448f76b8dc3ff0b5781b1,new_paper_aligned_training,94.13088150000112
no_caim,4,2,402,0.7344877344877345,0.7440051744586251,0.7344877344877345,0.732400376328841,1.0,0.7344877123832703,0.26551228761672974,7c0c27c47583a82ca0929d371ddf98995004192f67d42e1f9ac3b353accacb90,fceed958e6a2014a43a3c3ed8c6aa5c941680d1c6a82b0dcda6f4bf2a2a4ef35,5ad8b2b0c14afbdbcd128a062936a76cd3464251f9c448f76b8dc3ff0b5781b1,new_paper_aligned_training,85.65999819999888
full,4,3,403,0.9401154401154401,0.9458333646559998,0.9401154401154402,0.9378765372241463,1.0,0.9401154518127441,0.05988454818725586,76b06eb7a71128b465cf9cbbd7ee233077d6c8bcf2f7d90d24a259114f1cff58,fceed958e6a2014a43a3c3ed8c6aa5c941680d1c6a82b0dcda6f4bf2a2a4ef35,5ad8b2b0c14afbdbcd128a062936a76cd3464251f9c448f76b8dc3ff0b5781b1,new_paper_aligned_training,90.29233319999912
no_caim,4,3,403,0.7683982683982684,0.8068843783401888,0.7683982683982685,0.7585381602995064,1.0,0.7683982849121094,0.23160171508789062,76b06eb7a71128b465cf9cbbd7ee233077d6c8bcf2f7d90d24a259114f1cff58,fceed958e6a2014a43a3c3ed8c6aa5c941680d1c6a82b0dcda6f4bf2a2a4ef35,5ad8b2b0c14afbdbcd128a062936a76cd3464251f9c448f76b8dc3ff0b5781b1,new_paper_aligned_training,86.05275529999926
full,4,4,404,0.9776334776334776,0.9785473355383795,0.9776334776334776,0.9776254339771384,1.0,0.9776334762573242,0.02236652374267578,73e529f3218e5b53d13c450f9d3aa276afa608364dbc38bddb931fb807c07904,fceed958e6a2014a43a3c3ed8c6aa5c941680d1c6a82b0dcda6f4bf2a2a4ef35,5ad8b2b0c14afbdbcd128a062936a76cd3464251f9c448f76b8dc3ff0b5781b1,new_paper_aligned_training,90.50824529999954
no_caim,4,4,404,0.8383838383838383,0.8552887189881229,0.8383838383838385,0.8355168279503301,1.0,0.8383838534355164,0.16161614656448364,73e529f3218e5b53d13c450f9d3aa276afa608364dbc38bddb931fb807c07904,fceed958e6a2014a43a3c3ed8c6aa5c941680d1c6a82b0dcda6f4bf2a2a4ef35,5ad8b2b0c14afbdbcd128a062936a76cd3464251f9c448f76b8dc3ff0b5781b1,new_paper_aligned_training,85.11910390000048
full,4,5,405,0.911976911976912,0.9273533357897945,0.9119769119769119,0.909664945938924,1.0,0.9119769334793091,0.08802306652069092,51ac611c032c06c8fd9b5c76eb1deb7ba71e3ba21a51a770f6098cb5582afb40,fceed958e6a2014a43a3c3ed8c6aa5c941680d1c6a82b0dcda6f4bf2a2a4ef35,5ad8b2b0c14afbdbcd128a062936a76cd3464251f9c448f76b8dc3ff0b5781b1,new_paper_aligned_training,89.79806429999917
no_caim,4,5,405,0.75,0.7705462135841946,0.7500000000000001,0.7278235437029528,1.0,0.75,0.25,51ac611c032c06c8fd9b5c76eb1deb7ba71e3ba21a51a770f6098cb5582afb40,fceed958e6a2014a43a3c3ed8c6aa5c941680d1c6a82b0dcda6f4bf2a2a4ef35,5ad8b2b0c14afbdbcd128a062936a76cd3464251f9c448f76b8dc3ff0b5781b1,new_paper_aligned_training,86.16887739999947
full,4,6,406,0.9444444444444444,0.9490290850918311,0.9444444444444444,0.9436177561973264,1.0,0.9444444179534912,0.05555558204650879,68a064db2c6cba45f221560e8071163b02b1b7969212ca271bada7af8df51352,fceed958e6a2014a43a3c3ed8c6aa5c941680d1c6a82b0dcda6f4bf2a2a4ef35,5ad8b2b0c14afbdbcd128a062936a76cd3464251f9c448f76b8dc3ff0b5781b1,new_paper_aligned_training,92.4545352999994
no_caim,4,6,406,0.9054834054834054,0.9144557426922856,0.9054834054834056,0.9035569987949229,1.0,0.9054834246635437,0.0945165753364563,68a064db2c6cba45f221560e8071163b02b1b7969212ca271bada7af8df51352,fceed958e6a2014a43a3c3ed8c6aa5c941680d1c6a82b0dcda6f4bf2a2a4ef35,5ad8b2b0c14afbdbcd128a062936a76cd3464251f9c448f76b8dc3ff0b5781b1,new_paper_aligned_training,88.65984109999954
full,4,7,407,0.8466810966810967,0.8535945240937062,0.8466810966810966,0.843804647622577,1.0,0.8466811180114746,0.1533188819885254,cbc39265b467a907a734f76c2fd2001a04bd7f12130a8c24bd4582015f444218,fceed958e6a2014a43a3c3ed8c6aa5c941680d1c6a82b0dcda6f4bf2a2a4ef35,5ad8b2b0c14afbdbcd128a062936a76cd3464251f9c448f76b8dc3ff0b5781b1,new_paper_aligned_training,99.57740320000084
no_caim,4,7,407,0.9007936507936508,0.9005842038014222,0.9007936507936508,0.9000326118067644,1.0,0.9007936716079712,0.09920632839202881,cbc39265b467a907a734f76c2fd2001a04bd7f12130a8c24bd4582015f444218,fceed958e6a2014a43a3c3ed8c6aa5c941680d1c6a82b0dcda6f4bf2a2a4ef35,5ad8b2b0c14afbdbcd128a062936a76cd3464251f9c448f76b8dc3ff0b5781b1,new_paper_aligned_training,84.8322318999999
full,4,8,408,0.9440836940836941,0.9510598525572254,0.944083694083694,0.9442778623769417,1.0,0.9440836906433105,0.05591630935668945,10c2467392300c6774fa60802e948ebc27839d410e7b6debc996d08a8e96033a,fceed958e6a2014a43a3c3ed8c6aa5c941680d1c6a82b0dcda6f4bf2a2a4ef35,5ad8b2b0c14afbdbcd128a062936a76cd3464251f9c448f76b8dc3ff0b5781b1,new_paper_aligned_training,89.8022404000003
no_caim,4,8,408,0.7904040404040404,0.792421976831256,0.7904040404040403,0.7813547724934108,1.0,0.7904040217399597,0.20959597826004028,10c2467392300c6774fa60802e948ebc27839d410e7b6debc996d08a8e96033a,fceed958e6a2014a43a3c3ed8c6aa5c941680d1c6a82b0dcda6f4bf2a2a4ef35,5ad8b2b0c14afbdbcd128a062936a76cd3464251f9c448f76b8dc3ff0b5781b1,new_paper_aligned_training,86.38752280000153
full,4,9,409,0.9733044733044733,0.9737375771379781,0.9733044733044733,0.9731812434189576,1.0,0.9733044505119324,0.026695549488067627,6f7291e68565ae279e59f847a7119813b59b10cd202c9475c99aa7b9f59ee782,fceed958e6a2014a43a3c3ed8c6aa5c941680d1c6a82b0dcda6f4bf2a2a4ef35,5ad8b2b0c14afbdbcd128a062936a76cd3464251f9c448f76b8dc3ff0b5781b1,new_paper_aligned_training,90.04644029999872
no_caim,4,9,409,0.7568542568542569,0.7952444715553623,0.7568542568542568,0.7402098478079565,1.0,0.756854236125946,0.24314576387405396,6f7291e68565ae279e59f847a7119813b59b10cd202c9475c99aa7b9f59ee782,fceed958e6a2014a43a3c3ed8c6aa5c941680d1c6a82b0dcda6f4bf2a2a4ef35,5ad8b2b0c14afbdbcd128a062936a76cd3464251f9c448f76b8dc3ff0b5781b1,new_paper_aligned_training,84.55919069999982
full,4,10,410,0.9491341991341992,0.95114684368371,0.949134199134199,0.9490467501163915,1.0,0.9491341710090637,0.05086582899093628,0b4cf36793e8ed9115f45665bc83a1d6b49e05b1f7e0013b055ffa6e8cc75459,fceed958e6a2014a43a3c3ed8c6aa5c941680d1c6a82b0dcda6f4bf2a2a4ef35,5ad8b2b0c14afbdbcd128a062936a76cd3464251f9c448f76b8dc3ff0b5781b1,new_paper_aligned_training,88.66595289999896
no_caim,4,10,410,0.7557720057720058,0.7673346209382211,0.7557720057720057,0.7580461683539144,1.0,0.7557719945907593,0.24422800540924072,0b4cf36793e8ed9115f45665bc83a1d6b49e05b1f7e0013b055ffa6e8cc75459,fceed958e6a2014a43a3c3ed8c6aa5c941680d1c6a82b0dcda6f4bf2a2a4ef35,5ad8b2b0c14afbdbcd128a062936a76cd3464251f9c448f76b8dc3ff0b5781b1,new_paper_aligned_training,85.17465810000067
full,5,1,501,0.9858951175406871,0.9863411003956915,0.985895117540687,0.9858823901000694,1.0,0.9858950972557068,0.014104902744293213,c688db9e006aea47e331ee44f816fabb7718e9de88b9a5512ab86c87d82b96fa,fceed958e6a2014a43a3c3ed8c6aa5c941680d1c6a82b0dcda6f4bf2a2a4ef35,5ad8b2b0c14afbdbcd128a062936a76cd3464251f9c448f76b8dc3ff0b5781b1,new_paper_aligned_training,92.76247289999992
no_caim,5,1,501,0.8376130198915009,0.8437870256408297,0.8376130198915009,0.8326275597163593,1.0,0.837613046169281,0.162386953830719,c688db9e006aea47e331ee44f816fabb7718e9de88b9a5512ab86c87d82b96fa,fceed958e6a2014a43a3c3ed8c6aa5c941680d1c6a82b0dcda6f4bf2a2a4ef35,5ad8b2b0c14afbdbcd128a062936a76cd3464251f9c448f76b8dc3ff0b5781b1,new_paper_aligned_training,85.96299089999957
full,5,2,502,0.8470162748643761,0.8668174522372059,0.847016274864376,0.8450634221507699,1.0,0.8470162749290466,0.15298372507095337,3ad2c12b70964744242595b930a9d055d59e402d62b2583fb8d846b3811ea3a4,fceed958e6a2014a43a3c3ed8c6aa5c941680d1c6a82b0dcda6f4bf2a2a4ef35,5ad8b2b0c14afbdbcd128a062936a76cd3464251f9c448f76b8dc3ff0b5781b1,new_paper_aligned_training,92.1529258999999
no_caim,5,2,502,0.8766726943942134,0.884353621448004,0.8766726943942134,0.87360725040645,1.0,0.8766726851463318,0.12332731485366821,3ad2c12b70964744242595b930a9d055d59e402d62b2583fb8d846b3811ea3a4,fceed958e6a2014a43a3c3ed8c6aa5c941680d1c6a82b0dcda6f4bf2a2a4ef35,5ad8b2b0c14afbdbcd128a062936a76cd3464251f9c448f76b8dc3ff0b5781b1,new_paper_aligned_training,84.6197032
full,5,3,503,0.9063291139240506,0.9298481937479227,0.9063291139240507,0.9056504531630214,1.0,0.9063290953636169,0.09367090463638306,85807cf968e8f556700e248fc01ba92fba2ebc0a1f091e1aeb2c0a3a1bc7a03c,fceed958e6a2014a43a3c3ed8c6aa5c941680d1c6a82b0dcda6f4bf2a2a4ef35,5ad8b2b0c14afbdbcd128a062936a76cd3464251f9c448f76b8dc3ff0b5781b1,new_paper_aligned_training,90.4054630999999
no_caim,5,3,503,0.8593128390596745,0.8714227521412248,0.8593128390596746,0.8566105093249973,1.0,0.8593128323554993,0.14068716764450073,85807cf968e8f556700e248fc01ba92fba2ebc0a1f091e1aeb2c0a3a1bc7a03c,fceed958e6a2014a43a3c3ed8c6aa5c941680d1c6a82b0dcda6f4bf2a2a4ef35,5ad8b2b0c14afbdbcd128a062936a76cd3464251f9c448f76b8dc3ff0b5781b1,new_paper_aligned_training,86.02250509999976
full,5,4,504,0.8773960216998191,0.8877121749799237,0.8773960216998191,0.8751114658613176,1.0,0.8773960471153259,0.12260395288467407,3d9bc7986491dad1b781c73e27c9ce134ede2055d722cea6b4ee408bb9b4dbb5,fceed958e6a2014a43a3c3ed8c6aa5c941680d1c6a82b0dcda6f4bf2a2a4ef35,5ad8b2b0c14afbdbcd128a062936a76cd3464251f9c448f76b8dc3ff0b5781b1,new_paper_aligned_training,89.7110264999992
no_caim,5,4,504,0.8603978300180832,0.8578959354787568,0.8603978300180832,0.8560195341103233,1.0,0.8603978157043457,0.1396021842956543,3d9bc7986491dad1b781c73e27c9ce134ede2055d722cea6b4ee408bb9b4dbb5,fceed958e6a2014a43a3c3ed8c6aa5c941680d1c6a82b0dcda6f4bf2a2a4ef35,5ad8b2b0c14afbdbcd128a062936a76cd3464251f9c448f76b8dc3ff0b5781b1,new_paper_aligned_training,85.07260339999993
full,5,5,505,0.9428571428571428,0.9504212064661415,0.942857142857143,0.9421131272294279,1.0,0.9428571462631226,0.05714285373687744,f7b20add9b662f56a71660e4e4b53c20a63422886363bc51a686c8d496fb1d7c,fceed958e6a2014a43a3c3ed8c6aa5c941680d1c6a82b0dcda6f4bf2a2a4ef35,5ad8b2b0c14afbdbcd128a062936a76cd3464251f9c448f76b8dc3ff0b5781b1,new_paper_aligned_training,91.97745629999918
no_caim,5,5,505,0.8520795660036167,0.8736672999044933,0.8520795660036165,0.8511481375597938,0.9714285714285714,0.8520795702934265,0.1193490011351449,f7b20add9b662f56a71660e4e4b53c20a63422886363bc51a686c8d496fb1d7c,fceed958e6a2014a43a3c3ed8c6aa5c941680d1c6a82b0dcda6f4bf2a2a4ef35,5ad8b2b0c14afbdbcd128a062936a76cd3464251f9c448f76b8dc3ff0b5781b1,new_paper_aligned_training,86.52609510000002
full,5,6,506,0.9721518987341772,0.9743065512737267,0.9721518987341772,0.9715689576873852,1.0,0.9721518754959106,0.027848124504089355,76107b5ed82217c0b41d47e13fd11d46f946dc06806dd4566be22ba4b2e812c2,fceed958e6a2014a43a3c3ed8c6aa5c941680d1c6a82b0dcda6f4bf2a2a4ef35,5ad8b2b0c14afbdbcd128a062936a76cd3464251f9c448f76b8dc3ff0b5781b1,new_paper_aligned_training,90.32247820000157
no_caim,5,6,506,0.8770343580470162,0.896871550075849,0.8770343580470163,0.8671922647044382,1.0,0.8770343661308289,0.12296563386917114,76107b5ed82217c0b41d47e13fd11d46f946dc06806dd4566be22ba4b2e812c2,fceed958e6a2014a43a3c3ed8c6aa5c941680d1c6a82b0dcda6f4bf2a2a4ef35,5ad8b2b0c14afbdbcd128a062936a76cd3464251f9c448f76b8dc3ff0b5781b1,new_paper_aligned_training,84.69080620000022
full,5,7,507,0.8622061482820976,0.8647490478657681,0.8622061482820975,0.8616203612569712,1.0,0.8622061610221863,0.13779383897781372,1b2043b5977872e5281ee7c65653a63b5cfb13ce702bfa568367ddeeb5ef1320,fceed958e6a2014a43a3c3ed8c6aa5c941680d1c6a82b0dcda6f4bf2a2a4ef35,5ad8b2b0c14afbdbcd128a062936a76cd3464251f9c448f76b8dc3ff0b5781b1,new_paper_aligned_training,93.92397969999911
no_caim,5,7,507,0.8350813743218807,0.8423902770868074,0.8350813743218807,0.8328462091394231,1.0,0.8350813984870911,0.16491860151290894,1b2043b5977872e5281ee7c65653a63b5cfb13ce702bfa568367ddeeb5ef1320,fceed958e6a2014a43a3c3ed8c6aa5c941680d1c6a82b0dcda6f4bf2a2a4ef35,5ad8b2b0c14afbdbcd128a062936a76cd3464251f9c448f76b8dc3ff0b5781b1,new_paper_aligned_training,85.76344670000071
full,5,8,508,0.8650994575045208,0.8658031113986292,0.8650994575045206,0.8648829644785391,1.0,0.8650994300842285,0.13490056991577148,cfba8052595d129e49e607d8cf855a6674fc5df76e0bb05156c002fdc43472d7,fceed958e6a2014a43a3c3ed8c6aa5c941680d1c6a82b0dcda6f4bf2a2a4ef35,5ad8b2b0c14afbdbcd128a062936a76cd3464251f9c448f76b8dc3ff0b5781b1,new_paper_aligned_training,90.16032019999875
no_caim,5,8,508,0.6506329113924051,0.6439557250643535,0.650632911392405,0.6444067270679142,1.0,0.650632917881012,0.34936708211898804,cfba8052595d129e49e607d8cf855a6674fc5df76e0bb05156c002fdc43472d7,fceed958e6a2014a43a3c3ed8c6aa5c941680d1c6a82b0dcda6f4bf2a2a4ef35,5ad8b2b0c14afbdbcd128a062936a76cd3464251f9c448f76b8dc3ff0b5781b1,new_paper_aligned_training,85.38126290000037
full,5,9,509,0.8886075949367088,0.9056004407239243,0.8886075949367088,0.8864283206851613,1.0,0.8886076211929321,0.11139237880706787,e9b08a9a64c53098474eac5debf72d7e9b2f0a2e4e0e2722242ba8b5e79d55d2,fceed958e6a2014a43a3c3ed8c6aa5c941680d1c6a82b0dcda6f4bf2a2a4ef35,5ad8b2b0c14afbdbcd128a062936a76cd3464251f9c448f76b8dc3ff0b5781b1,new_paper_aligned_training,91.7247196999997
no_caim,5,9,509,0.8401446654611212,0.8628821318799197,0.8401446654611212,0.835523587362715,1.0,0.840144693851471,0.15985530614852905,e9b08a9a64c53098474eac5debf72d7e9b2f0a2e4e0e2722242ba8b5e79d55d2,fceed958e6a2014a43a3c3ed8c6aa5c941680d1c6a82b0dcda6f4bf2a2a4ef35,5ad8b2b0c14afbdbcd128a062936a76cd3464251f9c448f76b8dc3ff0b5781b1,new_paper_aligned_training,86.23826809999991
full,5,10,510,0.8560578661844485,0.8945170453637813,0.8560578661844483,0.8514811162114847,1.0,0.85605788230896,0.14394211769104004,ffa0f15ee2acd10612bc09854b491ae085a548fef4cf99b1099dcf6b427726de,fceed958e6a2014a43a3c3ed8c6aa5c941680d1c6a82b0dcda6f4bf2a2a4ef35,5ad8b2b0c14afbdbcd128a062936a76cd3464251f9c448f76b8dc3ff0b5781b1,new_paper_aligned_training,89.9582266999987
no_caim,5,10,510,0.7884267631103075,0.8014120805038418,0.7884267631103075,0.782483125691562,1.0,0.7884267568588257,0.21157324314117432,ffa0f15ee2acd10612bc09854b491ae085a548fef4cf99b1099dcf6b427726de,fceed958e6a2014a43a3c3ed8c6aa5c941680d1c6a82b0dcda6f4bf2a2a4ef35,5ad8b2b0c14afbdbcd128a062936a76cd3464251f9c448f76b8dc3ff0b5781b1,new_paper_aligned_training,85.8196779000009
full,7,1,701,0.9778262450018175,0.9795819809239573,0.9778262450018176,0.9777089076216624,1.0,0.9778262376785278,0.022173762321472168,e2dd526c8cf7f600f37fc37dbca54eca848bd67341d60af004c8f8c9a89711f3,fceed958e6a2014a43a3c3ed8c6aa5c941680d1c6a82b0dcda6f4bf2a2a4ef35,5ad8b2b0c14afbdbcd128a062936a76cd3464251f9c448f76b8dc3ff0b5781b1,new_paper_aligned_training,93.2104202999999
no_caim,7,1,701,0.9193020719738277,0.9183537659773375,0.9193020719738277,0.9173293980055522,1.0,0.9193020462989807,0.08069795370101929,e2dd526c8cf7f600f37fc37dbca54eca848bd67341d60af004c8f8c9a89711f3,fceed958e6a2014a43a3c3ed8c6aa5c941680d1c6a82b0dcda6f4bf2a2a4ef35,5ad8b2b0c14afbdbcd128a062936a76cd3464251f9c448f76b8dc3ff0b5781b1,new_paper_aligned_training,85.40026150000085
full,7,2,702,0.9327517266448564,0.9371984316129589,0.9327517266448565,0.9326957682282512,1.0,0.9327517151832581,0.06724828481674194,f4289ff22a2125d2dfa32d1c7c2c83b9d6f6c332790e61b8f063b9c8aaf1e462,fceed958e6a2014a43a3c3ed8c6aa5c941680d1c6a82b0dcda6f4bf2a2a4ef35,5ad8b2b0c14afbdbcd128a062936a76cd3464251f9c448f76b8dc3ff0b5781b1,new_paper_aligned_training,91.87672899999961
no_caim,7,2,702,0.861504907306434,0.857751260618965,0.8615049073064341,0.8586649353325816,1.0,0.8615049123764038,0.1384950876235962,f4289ff22a2125d2dfa32d1c7c2c83b9d6f6c332790e61b8f063b9c8aaf1e462,fceed958e6a2014a43a3c3ed8c6aa5c941680d1c6a82b0dcda6f4bf2a2a4ef35,5ad8b2b0c14afbdbcd128a062936a76cd3464251f9c448f76b8dc3ff0b5781b1,new_paper_aligned_training,85.32964790000005
full,7,3,703,0.856415848782261,0.8994668375520717,0.8564158487822612,0.8387997177357259,0.9387755102040817,0.856415867805481,0.08235964239860072,b3e4585bff2db0fd8a53bbea9f23cbc1f261199e68c486a39b4aba60306e0f50,fceed958e6a2014a43a3c3ed8c6aa5c941680d1c6a82b0dcda6f4bf2a2a4ef35,5ad8b2b0c14afbdbcd128a062936a76cd3464251f9c448f76b8dc3ff0b5781b1,new_paper_aligned_training,92.36694220000027
no_caim,7,3,703,0.8993093420574336,0.9168099670360739,0.8993093420574337,0.8964753267730491,1.0,0.8993093371391296,0.10069066286087036,b3e4585bff2db0fd8a53bbea9f23cbc1f261199e68c486a39b4aba60306e0f50,fceed958e6a2014a43a3c3ed8c6aa5c941680d1c6a82b0dcda6f4bf2a2a4ef35,5ad8b2b0c14afbdbcd128a062936a76cd3464251f9c448f76b8dc3ff0b5781b1,new_paper_aligned_training,88.50147389999984
full,7,4,704,0.9716466739367503,0.9741713130463854,0.9716466739367503,0.9714512842900386,1.0,0.9716466665267944,0.028353333473205566,bd2b9b9cf3ba7273b8eb82de69396fc5f80d7b78e3aec55473a225d8d8b9617e,fceed958e6a2014a43a3c3ed8c6aa5c941680d1c6a82b0dcda6f4bf2a2a4ef35,5ad8b2b0c14afbdbcd128a062936a76cd3464251f9c448f76b8dc3ff0b5781b1,new_paper_aligned_training,91.43668419999995
no_caim,7,4,704,0.8931297709923665,0.902367143314963,0.8931297709923663,0.8916462117180893,1.0,0.8931297659873962,0.10687023401260376,bd2b9b9cf3ba7273b8eb82de69396fc5f80d7b78e3aec55473a225d8d8b9617e,fceed958e6a2014a43a3c3ed8c6aa5c941680d1c6a82b0dcda6f4bf2a2a4ef35,5ad8b2b0c14afbdbcd128a062936a76cd3464251f9c448f76b8dc3ff0b5781b1,new_paper_aligned_training,85.38330160000078
full,7,5,705,0.9218466012359142,0.9350226226823565,0.9218466012359141,0.9205464968228919,1.0,0.9218466281890869,0.07815337181091309,580aeb1569caf3130f32f092ba324912a9918c976eb6e9923849292e1796d74d,fceed958e6a2014a43a3c3ed8c6aa5c941680d1c6a82b0dcda6f4bf2a2a4ef35,5ad8b2b0c14afbdbcd128a062936a76cd3464251f9c448f76b8dc3ff0b5781b1,new_paper_aligned_training,90.64258579999841
no_caim,7,5,705,0.7604507451835696,0.8141681262079278,0.7604507451835696,0.753368086166828,1.0,0.7604507207870483,0.23954927921295166,580aeb1569caf3130f32f092ba324912a9918c976eb6e9923849292e1796d74d,fceed958e6a2014a43a3c3ed8c6aa5c941680d1c6a82b0dcda6f4bf2a2a4ef35,5ad8b2b0c14afbdbcd128a062936a76cd3464251f9c448f76b8dc3ff0b5781b1,new_paper_aligned_training,87.35572169999978
full,7,6,706,0.970192657215558,0.9711360989664344,0.970192657215558,0.9700526515902458,1.0,0.9701926708221436,0.029807329177856445,e1e59d723f6099bc45b57fdcce2631608ed53cea103d76d56ab19b1355c43de9,fceed958e6a2014a43a3c3ed8c6aa5c941680d1c6a82b0dcda6f4bf2a2a4ef35,5ad8b2b0c14afbdbcd128a062936a76cd3464251f9c448f76b8dc3ff0b5781b1,new_paper_aligned_training,91.3830553000007
no_caim,7,6,706,0.8996728462377317,0.9117742988261579,0.8996728462377318,0.8980792163293214,1.0,0.8996728658676147,0.10032713413238525,e1e59d723f6099bc45b57fdcce2631608ed53cea103d76d56ab19b1355c43de9,fceed958e6a2014a43a3c3ed8c6aa5c941680d1c6a82b0dcda6f4bf2a2a4ef35,5ad8b2b0c14afbdbcd128a062936a76cd3464251f9c448f76b8dc3ff0b5781b1,new_paper_aligned_training,85.04320630000075
full,7,7,707,0.9930934205743366,0.9931280244126146,0.9930934205743366,0.9930922859495988,1.0,0.9930934309959412,0.006906569004058838,f8262b5dfb76e3b42ae60ccfe9de5bdca4f475b78b7cf0a28f4d35d398a28d9c,fceed958e6a2014a43a3c3ed8c6aa5c941680d1c6a82b0dcda6f4bf2a2a4ef35,5ad8b2b0c14afbdbcd128a062936a76cd3464251f9c448f76b8dc3ff0b5781b1,new_paper_aligned_training,91.15373730000101
no_caim,7,7,707,0.9131225009087605,0.9279199839346487,0.9131225009087605,0.9059592486335504,1.0,0.9131224751472473,0.08687752485275269,f8262b5dfb76e3b42ae60ccfe9de5bdca4f475b78b7cf0a28f4d35d398a28d9c,fceed958e6a2014a43a3c3ed8c6aa5c941680d1c6a82b0dcda6f4bf2a2a4ef35,5ad8b2b0c14afbdbcd128a062936a76cd3464251f9c448f76b8dc3ff0b5781b1,new_paper_aligned_training,85.90859480000108
full,7,8,708,0.9727371864776445,0.9756989103771029,0.9727371864776445,0.9728334167998163,1.0,0.972737193107605,0.02726280689239502,9cc6376490d4405741ce147ae7974d8fcc964608ea0044affd6b31e7caf45fbd,fceed958e6a2014a43a3c3ed8c6aa5c941680d1c6a82b0dcda6f4bf2a2a4ef35,5ad8b2b0c14afbdbcd128a062936a76cd3464251f9c448f76b8dc3ff0b5781b1,new_paper_aligned_training,90.74379450000015
no_caim,7,8,708,0.9178480552526354,0.9313681684141074,0.9178480552526354,0.9141336553770101,1.0,0.9178480505943298,0.08215194940567017,9cc6376490d4405741ce147ae7974d8fcc964608ea0044affd6b31e7caf45fbd,fceed958e6a2014a43a3c3ed8c6aa5c941680d1c6a82b0dcda6f4bf2a2a4ef35,5ad8b2b0c14afbdbcd128a062936a76cd3464251f9c448f76b8dc3ff0b5781b1,new_paper_aligned_training,86.19956900000034
full,7,9,709,0.7553616866593966,0.857817546175547,0.7553616866593965,0.7305451154691474,0.9591836734693877,0.7553616762161255,0.20382199725326222,10282a9ea35af0104b1abb8221d2e4eee5a2caa4fb345317a89c7b908fdbac0c,fceed958e6a2014a43a3c3ed8c6aa5c941680d1c6a82b0dcda6f4bf2a2a4ef35,5ad8b2b0c14afbdbcd128a062936a76cd3464251f9c448f76b8dc3ff0b5781b1,new_paper_aligned_training,90.32043390000035
no_caim,7,9,709,0.8938567793529626,0.8948727801155204,0.8938567793529625,0.8932100364331574,1.0,0.8938567638397217,0.10614323616027832,10282a9ea35af0104b1abb8221d2e4eee5a2caa4fb345317a89c7b908fdbac0c,fceed958e6a2014a43a3c3ed8c6aa5c941680d1c6a82b0dcda6f4bf2a2a4ef35,5ad8b2b0c14afbdbcd128a062936a76cd3464251f9c448f76b8dc3ff0b5781b1,new_paper_aligned_training,86.68691090000175
full,7,10,710,0.965103598691385,0.9653237925031597,0.9651035986913848,0.9642374861663267,1.0,0.9651036262512207,0.0348963737487793,7a203e6f725cba7e02a555de277951086de5de5e9bbb57929625e2e1e224b4ed,fceed958e6a2014a43a3c3ed8c6aa5c941680d1c6a82b0dcda6f4bf2a2a4ef35,5ad8b2b0c14afbdbcd128a062936a76cd3464251f9c448f76b8dc3ff0b5781b1,new_paper_aligned_training,91.65880379999908
no_caim,7,10,710,0.8818611414031261,0.8888699674853473,0.8818611414031261,0.8799987550559148,1.0,0.88186115026474,0.11813884973526001,7a203e6f725cba7e02a555de277951086de5de5e9bbb57929625e2e1e224b4ed,fceed958e6a2014a43a3c3ed8c6aa5c941680d1c6a82b0dcda6f4bf2a2a4ef35,5ad8b2b0c14afbdbcd128a062936a76cd3464251f9c448f76b8dc3ff0b5781b1,new_paper_aligned_training,86.12942339999972
full,10,1,1001,0.9805860805860805,0.98167324289113,0.9805860805860807,0.9804909550771707,1.0,0.980586051940918,0.01941394805908203,199c87c7f79627b52db4c9823cd1828c47dea288ad1fae92401306bd1befca90,fceed958e6a2014a43a3c3ed8c6aa5c941680d1c6a82b0dcda6f4bf2a2a4ef35,5ad8b2b0c14afbdbcd128a062936a76cd3464251f9c448f76b8dc3ff0b5781b1,new_paper_aligned_training,92.23048209999979
no_caim,10,1,1001,0.9413919413919414,0.9477257573224253,0.9413919413919414,0.9397713831973992,1.0,0.9413919448852539,0.058608055114746094,199c87c7f79627b52db4c9823cd1828c47dea288ad1fae92401306bd1befca90,fceed958e6a2014a43a3c3ed8c6aa5c941680d1c6a82b0dcda6f4bf2a2a4ef35,5ad8b2b0c14afbdbcd128a062936a76cd3464251f9c448f76b8dc3ff0b5781b1,new_paper_aligned_training,86.32778729999882
full,10,2,1002,0.9868131868131869,0.9869543113164329,0.9868131868131869,0.9868027950713582,1.0,0.9868131875991821,0.013186812400817871,cefb326afec27391f2caa91f87aa5670d837f154d4596109e5d71b822b060e72,fceed958e6a2014a43a3c3ed8c6aa5c941680d1c6a82b0dcda6f4bf2a2a4ef35,5ad8b2b0c14afbdbcd128a062936a76cd3464251f9c448f76b8dc3ff0b5781b1,new_paper_aligned_training,94.14368939999986
no_caim,10,2,1002,0.8930402930402931,0.8958273714914429,0.8930402930402931,0.8925123025578815,1.0,0.8930402994155884,0.10695970058441162,cefb326afec27391f2caa91f87aa5670d837f154d4596109e5d71b822b060e72,fceed958e6a2014a43a3c3ed8c6aa5c941680d1c6a82b0dcda6f4bf2a2a4ef35,5ad8b2b0c14afbdbcd128a062936a76cd3464251f9c448f76b8dc3ff0b5781b1,new_paper_aligned_training,88.55429630000071
full,10,3,1003,0.9564102564102565,0.9608774994149466,0.9564102564102566,0.9562402465356629,1.0,0.9564102292060852,0.043589770793914795,5a124c089571a5f29f9990fecba902d28c7cb87cfb18caf63ca805dafff255b0,fceed958e6a2014a43a3c3ed8c6aa5c941680d1c6a82b0dcda6f4bf2a2a4ef35,5ad8b2b0c14afbdbcd128a062936a76cd3464251f9c448f76b8dc3ff0b5781b1,new_paper_aligned_training,91.52876649999962
no_caim,10,3,1003,0.9032967032967033,0.9209421454480824,0.9032967032967033,0.9004887590390831,1.0,0.903296709060669,0.09670329093933105,5a124c089571a5f29f9990fecba902d28c7cb87cfb18caf63ca805dafff255b0,fceed958e6a2014a43a3c3ed8c6aa5c941680d1c6a82b0dcda6f4bf2a2a4ef35,5ad8b2b0c14afbdbcd128a062936a76cd3464251f9c448f76b8dc3ff0b5781b1,new_paper_aligned_training,87.6436020000001
full,10,4,1004,0.9809523809523809,0.9818531142642384,0.980952380952381,0.9809943352713104,1.0,0.9809523820877075,0.01904761791229248,ffc479385daf2eabb1837a30cccc329ff40051d1cc97a1c564e2ce621ad732d3,fceed958e6a2014a43a3c3ed8c6aa5c941680d1c6a82b0dcda6f4bf2a2a4ef35,5ad8b2b0c14afbdbcd128a062936a76cd3464251f9c448f76b8dc3ff0b5781b1,new_paper_aligned_training,91.77683479999905
no_caim,10,4,1004,0.8827838827838828,0.8835945664204076,0.8827838827838829,0.8816455283260723,1.0,0.8827838897705078,0.11721611022949219,ffc479385daf2eabb1837a30cccc329ff40051d1cc97a1c564e2ce621ad732d3,fceed958e6a2014a43a3c3ed8c6aa5c941680d1c6a82b0dcda6f4bf2a2a4ef35,5ad8b2b0c14afbdbcd128a062936a76cd3464251f9c448f76b8dc3ff0b5781b1,new_paper_aligned_training,87.38973540000006
full,10,5,1005,0.9831501831501831,0.9839352045324105,0.9831501831501832,0.9830905963058358,1.0,0.9831501841545105,0.016849815845489502,551f0715ff83385406b8bff0ab5d0441fd64c001b9732fdd17be5af4fd8a4ed2,fceed958e6a2014a43a3c3ed8c6aa5c941680d1c6a82b0dcda6f4bf2a2a4ef35,5ad8b2b0c14afbdbcd128a062936a76cd3464251f9c448f76b8dc3ff0b5781b1,new_paper_aligned_training,94.10747750000155
no_caim,10,5,1005,0.9142857142857143,0.9264941231734684,0.9142857142857144,0.9128841000904765,1.0,0.9142857193946838,0.08571428060531616,551f0715ff83385406b8bff0ab5d0441fd64c001b9732fdd17be5af4fd8a4ed2,fceed958e6a2014a43a3c3ed8c6aa5c941680d1c6a82b0dcda6f4bf2a2a4ef35,5ad8b2b0c14afbdbcd128a062936a76cd3464251f9c448f76b8dc3ff0b5781b1,new_paper_aligned_training,86.44044080000094
full,10,6,1006,0.9827838827838827,0.9840249648730381,0.9827838827838828,0.9827529053606459,1.0,0.982783854007721,0.017216145992279053,1609e44ac30e72478a7a6ba84ad668dd27ce9fc6f5f8bde31c163e2e360aaedc,fceed958e6a2014a43a3c3ed8c6aa5c941680d1c6a82b0dcda6f4bf2a2a4ef35,5ad8b2b0c14afbdbcd128a062936a76cd3464251f9c448f76b8dc3ff0b5781b1,new_paper_aligned_training,90.99907480000002
no_caim,10,6,1006,0.9007326007326008,0.9110231790601133,0.9007326007326008,0.8991746429587665,1.0,0.9007325768470764,0.09926742315292358,1609e44ac30e72478a7a6ba84ad668dd27ce9fc6f5f8bde31c163e2e360aaedc,fceed958e6a2014a43a3c3ed8c6aa5c941680d1c6a82b0dcda6f4bf2a2a4ef35,5ad8b2b0c14afbdbcd128a062936a76cd3464251f9c448f76b8dc3ff0b5781b1,new_paper_aligned_training,86.37278890000016
full,10,7,1007,0.9091575091575091,0.9256600635628166,0.9091575091575093,0.9070657092491226,0.9571428571428572,0.9091575145721436,0.04798534257071363,8d252f401e06f5e3cff447268ad2bbaac4cab8746f8dfb8b8b762faaf3451e0b,fceed958e6a2014a43a3c3ed8c6aa5c941680d1c6a82b0dcda6f4bf2a2a4ef35,5ad8b2b0c14afbdbcd128a062936a76cd3464251f9c448f76b8dc3ff0b5781b1,new_paper_aligned_training,92.09601860000112
no_caim,10,7,1007,0.941025641025641,0.9495955244237219,0.9410256410256411,0.94027895627681,1.0,0.9410256147384644,0.058974385261535645,8d252f401e06f5e3cff447268ad2bbaac4cab8746f8dfb8b8b762faaf3451e0b,fceed958e6a2014a43a3c3ed8c6aa5c941680d1c6a82b0dcda6f4bf2a2a4ef35,5ad8b2b0c14afbdbcd128a062936a76cd3464251f9c448f76b8dc3ff0b5781b1,new_paper_aligned_training,86.49881769999956
full,10,8,1008,0.9754578754578754,0.9761392320688521,0.9754578754578755,0.97527518448637,1.0,0.9754578471183777,0.024542152881622314,f11f3d73e0fea6c945a3d979aec65608ee4e3c09e7affd658a4c8959d1d35aab,fceed958e6a2014a43a3c3ed8c6aa5c941680d1c6a82b0dcda6f4bf2a2a4ef35,5ad8b2b0c14afbdbcd128a062936a76cd3464251f9c448f76b8dc3ff0b5781b1,new_paper_aligned_training,91.25246800000059
no_caim,10,8,1008,0.963003663003663,0.9665694413071954,0.9630036630036631,0.9627384415424484,0.9714285714285714,0.9630036354064941,0.008424936022077278,f11f3d73e0fea6c945a3d979aec65608ee4e3c09e7affd658a4c8959d1d35aab,fceed958e6a2014a43a3c3ed8c6aa5c941680d1c6a82b0dcda6f4bf2a2a4ef35,5ad8b2b0c14afbdbcd128a062936a76cd3464251f9c448f76b8dc3ff0b5781b1,new_paper_aligned_training,88.49627679999867
full,10,9,1009,0.9893772893772894,0.9895477405589147,0.9893772893772894,0.9893538666781014,1.0,0.9893772602081299,0.010622739791870117,f63c2cb6583c194bd8364ab988604a713ab8c57b8ad54a4f186abde8cd0db82f,fceed958e6a2014a43a3c3ed8c6aa5c941680d1c6a82b0dcda6f4bf2a2a4ef35,5ad8b2b0c14afbdbcd128a062936a76cd3464251f9c448f76b8dc3ff0b5781b1,new_paper_aligned_training,92.91844889999993
no_caim,10,9,1009,0.9633699633699634,0.9640447229568826,0.9633699633699635,0.9635669120452685,1.0,0.9633699655532837,0.03663003444671631,f63c2cb6583c194bd8364ab988604a713ab8c57b8ad54a4f186abde8cd0db82f,fceed958e6a2014a43a3c3ed8c6aa5c941680d1c6a82b0dcda6f4bf2a2a4ef35,5ad8b2b0c14afbdbcd128a062936a76cd3464251f9c448f76b8dc3ff0b5781b1,new_paper_aligned_training,85.77270630000021
full,10,10,1010,0.9824175824175824,0.983337654165744,0.9824175824175825,0.982407288307828,1.0,0.9824175834655762,0.017582416534423828,56710f370ef6be33632d3135f7ce1f7cb6cfc8ddbf7266bc9bbbb6262e3d49ce,fceed958e6a2014a43a3c3ed8c6aa5c941680d1c6a82b0dcda6f4bf2a2a4ef35,5ad8b2b0c14afbdbcd128a062936a76cd3464251f9c448f76b8dc3ff0b5781b1,new_paper_aligned_training,90.7072060999999
no_caim,10,10,1010,0.8278388278388278,0.847186884092273,0.8278388278388278,0.8270482737271342,1.0,0.8278388381004333,0.17216116189956665,56710f370ef6be33632d3135f7ce1f7cb6cfc8ddbf7266bc9bbbb6262e3d49ce,fceed958e6a2014a43a3c3ed8c6aa5c941680d1c6a82b0dcda6f4bf2a2a4ef35,5ad8b2b0c14afbdbcd128a062936a76cd3464251f9c448f76b8dc3ff0b5781b1,new_paper_aligned_training,87.08264169999893
