N,Acc2_Mean,Acc2_Std,F12_Mean,F12_Std,Prec2_Mean,Prec2_Std,Rec2_Mean,Rec2_Std,Acc4_Mean,Acc4_Std,F14_Mean,F14_Std,Prec4_Mean,Prec4_Std,Rec4_Mean,Rec4_Std,TrainTime_Mean_s,TrainTime_Std_s,Test2_Infer_Mean_s,Test2_Infer_Std_s,Test2_Viz_Mean_s,Test2_Viz_Std_s,Test4_Infer_Mean_s,Test4_Infer_Std_s,Test4_Viz_Mean_s,Test4_Viz_Std_s
5,0.77875,0.13088138714118214,0.7627593022361608,0.1401798410403881,0.806277835905004,0.12480540403708111,0.77875,0.13088138714118214,0.709,0.1483602035587711,0.6815864036143882,0.16558886823042493,0.7777511482163759,0.11051458942886484,0.7090000000000001,0.1483602035587711,54.480536775,10.135373253968961,2.440554937500014,0.33139604599808153,6.7384608125000085,0.5194635142164176,2.0841240249999817,0.30634452857364186,6.208432249999994,0.5876382521856547
6,0.87175,0.03305960526080128,0.8594448063479854,0.044915649360703816,0.896731801056305,0.034979960328601505,0.87175,0.033059605260801275,0.8330625,0.06780138157700034,0.8193798638968592,0.07997390112985432,0.858668844167552,0.06350651552687571,0.8330625,0.06780138157700034,77.11658093749999,3.1152710810450817,3.063815012499944,0.12103659121772209,7.900425262499965,0.47794787612324624,2.7597460874999626,0.13859250489315772,7.447968899999992,0.3949409700466019
7,0.8251875,0.06696218032404559,0.8070036441876338,0.07787228545122947,0.8412677963804549,0.07608160956763241,0.8251875,0.06696218032404559,0.7725624999999999,0.09890065643740693,0.7559776430525803,0.10954584631510415,0.8039177809972864,0.07680862702787254,0.7725625,0.09890065643740693,157.1426205125,91.01240903951556,6.518878574999974,4.102325221418549,16.526647087499924,10.86731371247104,5.436551575000038,3.2460580850734884,13.644701775000016,7.915681282125396
8,0.9051875,0.0577840470523656,0.8989996642982737,0.06439661535355326,0.925515564916052,0.03970199692726042,0.9051875,0.057784047052365596,0.8685625,0.07130061250613488,0.8583813244190255,0.08079849509743013,0.891721469875987,0.05583571825144262,0.8685625000000001,0.07130061250613488,89.43538830000023,2.899915928547117,3.2829927749998546,0.032351212124700233,8.118075500000032,0.2239006597858112,2.9016766375000884,0.04788540243243003,7.527414862500223,0.0811467899400733
9,0.9485625,0.021625270952059763,0.9471829482728038,0.02360820796133844,0.9568456377020442,0.013210706987143437,0.9485625,0.02162527095205975,0.9275625,0.037259593982624135,0.9263783160968881,0.039179029616815526,0.9364058422476635,0.03279887815867853,0.9275625000000001,0.03725959398262414,100.76132558749987,1.4015127755092962,3.512381312499997,0.10854558475710756,8.3836804875001,0.1784528255012025,3.0873494250000704,0.1472576094899966,7.815624962499896,0.12318400379342938
10,0.9023749999999999,0.06797230594146413,0.8960290611507088,0.07621810357842057,0.9149371194336786,0.06673396924558256,0.9023749999999999,0.06797230594146411,0.866625,0.08019147008878189,0.8606503093077533,0.0870026430147415,0.8916493299932522,0.06886968813761962,0.866625,0.08019147008878189,136.56299541249996,37.80866942401878,4.640297899999837,3.102407359756125,11.005117849999806,7.214420121188925,3.957848275000174,2.4559626634919063,7.950189250000108,0.7039129116927383
11,0.941125,0.04589032441593762,0.9356921669696057,0.05875254694040924,0.955084624265909,0.022489203472686733,0.941125,0.04589032441593763,0.9097500000000001,0.058382360349680966,0.9014295488095809,0.07152949331737408,0.9254003363664358,0.0419006624291011,0.90975,0.058382360349680945,140.22954122500016,58.78594560827616,4.88461301250004,3.4703150968104257,11.220409949999862,7.448552426506447,3.252544362499407,0.42356802838444296,9.403817375000017,3.3183031266459717
12,0.9378124999999999,0.03386271686899915,0.9359866022177032,0.03585078876922577,0.9499684392265938,0.02350838693672942,0.9378125,0.03386271686899917,0.8785624999999999,0.0592802862994942,0.8731409969346536,0.0631137896668697,0.9082891687133698,0.0429289576752362,0.8785625,0.059280286299494216,118.83257893750056,1.6661433877029268,3.5940236124999956,0.09701533044338682,8.477655062499707,0.08457743883835421,3.1976289624997207,0.07968694581105082,7.921472387499762,0.11934736247043433
13,0.85475,0.06944377221896864,0.8325069909873449,0.08578853211910388,0.8904090602611491,0.06304556259630378,0.85475,0.06944377221896864,0.8381875000000001,0.09035760119519551,0.8203715673967682,0.10074580563203829,0.888141679246393,0.07156040187092014,0.8381875000000001,0.09035760119519551,127.31501837499991,2.6877253834769173,3.621533324999973,0.06426746524372536,8.504183300000022,0.10888429361665321,3.2086167374995966,0.07282117170933539,7.935246412499737,0.07190621853565714
14,0.94775,0.04307261310856354,0.9449120525204695,0.04916926423191102,0.9607877314659408,0.025445143962928272,0.9477500000000001,0.0430726131085635,0.8875,0.0502369386009936,0.8774560677454746,0.06198122753000511,0.9198635178242038,0.02597423523329125,0.8875,0.05023693860099359,129.97348542500026,3.603706018119261,3.6189939000000777,0.050575013403883685,8.577476762499828,0.09744975912623824,3.269540012500329,0.03973679555262865,7.989659362500333,0.07569447238713684
15,0.9745,0.010732543966832847,0.9743044735855575,0.011019744730844343,0.975648549145172,0.010019905292437816,0.9744999999999999,0.010732543966832802,0.9538125,0.020989487696225457,0.9533523474726868,0.022061331421707193,0.9604477025391968,0.013626697591167372,0.9538125,0.020989487696225453,140.34995003749987,3.46339602635327,3.725748200000453,0.10911401144064577,8.716125712500116,0.17346351039401178,3.3681699499998103,0.16147301829377286,8.14669449999974,0.059572221709201095
16,0.9468749999999999,0.03643723198872274,0.9454953086581264,0.038949750956493265,0.9555099112432499,0.026905645207947484,0.9468750000000001,0.03643723198872271,0.92075,0.06874090848977775,0.9133031220835701,0.08528453214663469,0.9395606472667546,0.043365156574337836,0.92075,0.06874090848977775,123.70530961250006,9.456232394255485,3.2622191374998692,0.0845093929537936,8.33563198749971,0.34591307955215933,3.0569290750004257,0.31403094782106955,7.777472587499233,0.3335669951446174
17,0.9505625,0.02777300566647406,0.9493702902695235,0.029268208932964324,0.9602536335616052,0.01982183394537363,0.9505625,0.027773005666474088,0.897875,0.034528747081236544,0.8924226677323788,0.038475833258562214,0.9278863392732424,0.016595617195358334,0.897875,0.03452874708123656,137.4335477374998,2.3466395563920965,3.598385762498765,0.08955837627084998,8.421689950000655,0.11414489111431125,3.210261425000681,0.09132673298185863,7.900733412499449,0.08805690267363822
18,0.975875,0.016110458559581736,0.9755851704634303,0.016527825268930433,0.9782076069284115,0.012459313958660557,0.9758749999999999,0.016110458559581695,0.9525625,0.022261847267241768,0.9519066884806396,0.023112850237634243,0.9590757977380726,0.016207460546060124,0.9525625,0.022261847267241786,152.04009128750067,1.914179294538771,3.714596349999738,0.07774275891070576,8.622822650000217,0.09719411799097226,3.2602719500000603,0.026898397461200197,8.064345725000294,0.0674619650106082
19,0.984625,0.00783322251694665,0.9846123495986323,0.007852113100551169,0.9853978619468977,0.0071998026063935005,0.9846250000000001,0.007833222516946622,0.937125,0.041152726215890015,0.9351167489357679,0.04382466316859491,0.9508569568437062,0.02835270608331975,0.937125,0.04115272621589,150.11550540000053,1.4325269211086529,3.7155507749998833,0.06297506459040635,8.561562000000322,0.09586462725827964,3.348546362498837,0.09227841780425923,8.058986099999402,0.11280866542852813
20,0.962375,0.028820294498842314,0.9615568158638048,0.029992610236101235,0.9688337262432614,0.02162678364160509,0.962375,0.02882029449884231,0.9112499999999999,0.062360343969545276,0.9070277265650374,0.06764669797852296,0.9376404016216606,0.03640423517720117,0.9112499999999999,0.062360343969545276,157.98895072500045,3.026778944400185,3.67741206250048,0.08926769900059793,8.509472624999944,0.1476318283760249,3.304336437499387,0.07472380893034368,7.987146987499273,0.1843542467867885
21,0.9798125,0.010111681054602167,0.9797140568418015,0.010236334410568078,0.9815354852785092,0.00847597400895709,0.9798125,0.010111681054602169,0.962875,0.022295949744292123,0.962662597683404,0.02273117956216578,0.9692530439893009,0.016225486947963545,0.962875,0.022295949744292103,166.21109739999974,2.0799895424935073,3.8844239999998535,0.12048797167695001,8.659249012499004,0.08313332032836301,3.4302985499998613,0.03650486856997728,8.162625825000305,0.0875617782104144
22,0.979,0.01336974195712095,0.9789617978674896,0.013414855714319062,0.9808050792010734,0.011482310707543186,0.9790000000000001,0.013369741957120955,0.909,0.05524490926773253,0.9005115949098734,0.0660877432367653,0.9374953662114501,0.030613283005610923,0.909,0.05524490926773256,168.48480960000052,1.5326661224133216,3.789660712499881,0.0596798038327932,8.556137187500099,0.06460133509377354,3.3048445874992467,0.029255915387737665,8.061715474999346,0.09518998915226873
23,0.9720625,0.030940908903101107,0.971207279135776,0.03280071172538961,0.9772320712901215,0.02162360982570035,0.9720625,0.030940908903101076,0.969625,0.02809442782830789,0.9688586234104173,0.029717679130762887,0.974681581218382,0.019350073928012846,0.969625,0.028094427828307903,172.46750337499998,3.2495964465900515,3.7607957124996574,0.10006658662315593,8.688699487500799,0.11802961149332424,3.3758824375004224,0.11264711835154183,8.100820999999996,0.11936937703594137
24,0.9910625,0.007592914048637736,0.991065329572804,0.0075804024026895865,0.9914459459355136,0.007007073524479644,0.9910625,0.007592914048637725,0.9565,0.025242573165190605,0.9555636951894536,0.026484929548875588,0.9650581128260651,0.017413842436719965,0.9564999999999999,0.02524257316519057,173.70322474999966,4.2096608705414305,3.704519825000716,0.06520527313877747,8.500949012498495,0.05716095856707884,3.2702641500000027,0.0877618208801438,7.936350487499567,0.13464451388124887
25,0.9833125,0.01619208429295009,0.9831968997756761,0.016353454310793308,0.9853963316857426,0.013356424088773208,0.9833125,0.016192084292950024,0.9663124999999999,0.028146866499665642,0.9658389404729666,0.029086853691590874,0.973017447459799,0.01938627287367031,0.9663125,0.028146866499665614,181.09011098749943,1.9152040883034736,3.755074650000097,0.06695155604507344,8.589463850000357,0.09339523755295305,3.357523499999843,0.05459418274661665,8.039698424999187,0.0976288583577861
26,0.9835,0.017351152699460644,0.983588530438566,0.01711937881280187,0.9857112019665746,0.01360240620330679,0.9835,0.01735115269946065,0.916625,0.05118517241350269,0.9109875129963159,0.05934113724885667,0.9417196839957019,0.024915427254130547,0.916625,0.051185172413502726,185.40656542499892,4.45860228769052,3.687202125001022,0.04892133321219372,8.570622762498715,0.0812389996072759,3.2583790999988196,0.04374420261725299,8.044915012499587,0.11881652722899495
27,0.98975,0.007416198487095659,0.9897416231299396,0.0074220016790674465,0.9902571677483791,0.0069982564675955365,0.98975,0.007416198487095681,0.9634375,0.02546865414092388,0.9628218042025392,0.026207839210972136,0.969876267001051,0.01878806634288501,0.9634375,0.02546865414092387,185.2813618500004,3.8852433692378696,3.682869500000379,0.10318158929669516,8.552266825001425,0.1409294363108869,3.2809482249986104,0.058670435436710085,8.110348850001174,0.1444488602590213
28,0.99175,0.00928372231381356,0.9917304154278219,0.009331121702674701,0.9923942182352186,0.008123736292870127,0.99175,0.009283722313813558,0.961625,0.028364535515322677,0.9606421201782986,0.030105846697759467,0.9693937808183417,0.019027900580128636,0.9616250000000001,0.02836453551532264,195.55024737499934,3.240629207379713,3.734193000000232,0.09343725204975542,8.609650000001238,0.11695387316757364,3.306387462499515,0.03037333780387425,8.055357712500154,0.0898420098129947
29,0.9871875,0.013546073001058277,0.9871844612044092,0.013537023174310525,0.9879695068410037,0.01245335064204782,0.9871875000000001,0.01354607300105831,0.932625,0.03945784934585259,0.9290930495265459,0.04610527042829472,0.9504400301204103,0.022619136773556363,0.932625,0.039457849345852565,195.24280098750205,3.34401167863867,3.6023550499985504,0.05547051453950678,8.419948187499358,0.07093899640873229,3.219486599999982,0.06934764178825596,7.927954549998503,0.07565224458140699
30,0.9878125,0.011543227180905696,0.9877117936507742,0.011777474834144755,0.9888142383881238,0.010232423225780326,0.9878125000000001,0.011543227180905684,0.9495625000000001,0.032814285665697496,0.9477278657515056,0.037314630541408926,0.9604859200214049,0.019505706193282558,0.9495625,0.0328142856656975,199.89000016249975,6.557267155674552,3.6418585124993115,0.08866317917119816,8.557713687499927,0.072786497447703,3.2599774374994013,0.05541736064403074,7.8999201624992565,0.05790765396110956
